run	mode	cpu	workload	args	knobs	accepted	oracle	simSeconds	flits	packets	rejected	busy_stalls	delegated	merged	gem5_sha256	guest_sha256	patch_sha256
G10_regress_v3T_minor	forced-nack	Minor	coherence_regression		DSTATE_BUSY_STALL=1 DSTATE_EXEC_LATENCY=42 DSTATE_HIT_LATENCY=4 DSTATE_HOTWORDS=32 DSTATE_INIT_INTERVAL=4 DSTATE_MERGE_LIMIT=64 DSTATE_QUEUE_DEPTH=16 DSTATE_QUEUE_STALL=1 DSTATE_REQ_COMBINE=16	true	CORRECT: widths, modular adds, multiple readers, ordinary stores, publication	0.001066	756210	320412	32790	0	0	0	37f7bdbafd5c3c20	869efe8491d45545	1e8d7d6482f259d2
G10_regress_v3T_minor	local	Minor	coherence_regression		DSTATE_BUSY_STALL=1 DSTATE_EXEC_LATENCY=42 DSTATE_HIT_LATENCY=4 DSTATE_HOTWORDS=32 DSTATE_INIT_INTERVAL=4 DSTATE_MERGE_LIMIT=64 DSTATE_QUEUE_DEPTH=16 DSTATE_QUEUE_STALL=1 DSTATE_REQ_COMBINE=16	true	CORRECT: widths, modular adds, multiple readers, ordinary stores, publication	0.001065	672911	254311	0	0	0	0	37f7bdbafd5c3c20	869efe8491d45545	1e8d7d6482f259d2
G10_regress_v3T_minor	persistent	Minor	coherence_regression		DSTATE_BUSY_STALL=1 DSTATE_EXEC_LATENCY=42 DSTATE_HIT_LATENCY=4 DSTATE_HOTWORDS=32 DSTATE_INIT_INTERVAL=4 DSTATE_MERGE_LIMIT=64 DSTATE_QUEUE_DEPTH=16 DSTATE_QUEUE_STALL=1 DSTATE_REQ_COMBINE=16	true	CORRECT: widths, modular adds, multiple readers, ordinary stores, publication	0.000805	376983	163348	11	11497	23946	5940	37f7bdbafd5c3c20	869efe8491d45545	1e8d7d6482f259d2
G10_regress_v3T_minor	remote	Minor	coherence_regression		DSTATE_BUSY_STALL=1 DSTATE_EXEC_LATENCY=42 DSTATE_HIT_LATENCY=4 DSTATE_HOTWORDS=32 DSTATE_INIT_INTERVAL=4 DSTATE_MERGE_LIMIT=64 DSTATE_QUEUE_DEPTH=16 DSTATE_QUEUE_STALL=1 DSTATE_REQ_COMBINE=16	true	CORRECT: widths, modular adds, multiple readers, ordinary stores, publication	0.000931	401401	169170	365	19051	26193	5986	37f7bdbafd5c3c20	869efe8491d45545	1e8d7d6482f259d2
G11_regress_v3T_o3	forced-nack	O3	coherence_regression		DSTATE_BUSY_STALL=1 DSTATE_EXEC_LATENCY=20 DSTATE_INIT_INTERVAL=4 DSTATE_MERGE_LIMIT=64 DSTATE_QUEUE_DEPTH=16 DSTATE_QUEUE_STALL=1 DSTATE_REQ_COMBINE=16	true	CORRECT: widths, modular adds, multiple readers, ordinary stores, publication	0.000836	764835	324082	31902	0	0	0	37f7bdbafd5c3c20	869efe8491d45545	1e8d7d6482f259d2
G11_regress_v3T_o3	local	O3	coherence_regression		DSTATE_BUSY_STALL=1 DSTATE_EXEC_LATENCY=20 DSTATE_INIT_INTERVAL=4 DSTATE_MERGE_LIMIT=64 DSTATE_QUEUE_DEPTH=16 DSTATE_QUEUE_STALL=1 DSTATE_REQ_COMBINE=16	true	CORRECT: widths, modular adds, multiple readers, ordinary stores, publication	0.000835	689197	261365	0	0	0	0	37f7bdbafd5c3c20	869efe8491d45545	1e8d7d6482f259d2
G11_regress_v3T_o3	persistent	O3	coherence_regression		DSTATE_BUSY_STALL=1 DSTATE_EXEC_LATENCY=20 DSTATE_INIT_INTERVAL=4 DSTATE_MERGE_LIMIT=64 DSTATE_QUEUE_DEPTH=16 DSTATE_QUEUE_STALL=1 DSTATE_REQ_COMBINE=16	true	CORRECT: widths, modular adds, multiple readers, ordinary stores, publication	0.000597	433043	181566	72	13719	24119	5191	37f7bdbafd5c3c20	869efe8491d45545	1e8d7d6482f259d2
G11_regress_v3T_o3	remote	O3	coherence_regression		DSTATE_BUSY_STALL=1 DSTATE_EXEC_LATENCY=20 DSTATE_INIT_INTERVAL=4 DSTATE_MERGE_LIMIT=64 DSTATE_QUEUE_DEPTH=16 DSTATE_QUEUE_STALL=1 DSTATE_REQ_COMBINE=16	true	CORRECT: widths, modular adds, multiple readers, ordinary stores, publication	0.000588	424949	177185	335	13452	23643	4832	37f7bdbafd5c3c20	869efe8491d45545	1e8d7d6482f259d2
G12_regress_fenced_v3R	persistent	O3	coherence_regression_fenced		DSTATE_BUSY_STALL=1 DSTATE_EXEC_LATENCY=42 DSTATE_HIT_LATENCY=4 DSTATE_HOTWORDS=32 DSTATE_INIT_INTERVAL=4 DSTATE_MERGE_LIMIT=64 DSTATE_QUEUE_DEPTH=16 DSTATE_QUEUE_STALL=1 DSTATE_RELAXED_AMO=1 DSTATE_REQ_COMBINE=16	true	CORRECT: widths, modular adds, multiple readers, ordinary stores, publication	0.000676	383002	166867	24	16348	24764	7120	37f7bdbafd5c3c20	d22b010fd3e2f476	1e8d7d6482f259d2
G12_regress_fenced_v3R	remote	O3	coherence_regression_fenced		DSTATE_BUSY_STALL=1 DSTATE_EXEC_LATENCY=42 DSTATE_HIT_LATENCY=4 DSTATE_HOTWORDS=32 DSTATE_INIT_INTERVAL=4 DSTATE_MERGE_LIMIT=64 DSTATE_QUEUE_DEPTH=16 DSTATE_QUEUE_STALL=1 DSTATE_RELAXED_AMO=1 DSTATE_REQ_COMBINE=16	true	CORRECT: widths, modular adds, multiple readers, ordinary stores, publication	0.000732	403972	169400	418	16873	24862	5740	37f7bdbafd5c3c20	d22b010fd3e2f476	1e8d7d6482f259d2
G13_regress_v3R_nocombine	persistent	O3	coherence_regression		DSTATE_BUSY_STALL=1 DSTATE_EXEC_LATENCY=42 DSTATE_HIT_LATENCY=4 DSTATE_HOTWORDS=32 DSTATE_INIT_INTERVAL=4 DSTATE_MERGE_LIMIT=64 DSTATE_QUEUE_DEPTH=16 DSTATE_QUEUE_STALL=1 DSTATE_RELAXED_AMO=1 DSTATE_REQ_COMBINE=1	true	CORRECT: widths, modular adds, multiple readers, ordinary stores, publication	0.000539	334364	143635	261	23190	19498	3992	37f7bdbafd5c3c20	869efe8491d45545	1e8d7d6482f259d2
G13_regress_v3R_nocombine	remote	O3	coherence_regression		DSTATE_BUSY_STALL=1 DSTATE_EXEC_LATENCY=42 DSTATE_HIT_LATENCY=4 DSTATE_HOTWORDS=32 DSTATE_INIT_INTERVAL=4 DSTATE_MERGE_LIMIT=64 DSTATE_QUEUE_DEPTH=16 DSTATE_QUEUE_STALL=1 DSTATE_RELAXED_AMO=1 DSTATE_REQ_COMBINE=1	true	CORRECT: widths, modular adds, multiple readers, ordinary stores, publication	0.000490	318220	136863	374	20976	17519	4436	37f7bdbafd5c3c20	869efe8491d45545	1e8d7d6482f259d2
G14_regress_v3R_nostall	persistent	O3	coherence_regression		DSTATE_BUSY_STALL=1 DSTATE_EXEC_LATENCY=42 DSTATE_HIT_LATENCY=4 DSTATE_HOTWORDS=32 DSTATE_INIT_INTERVAL=4 DSTATE_MERGE_LIMIT=64 DSTATE_QUEUE_DEPTH=16 DSTATE_QUEUE_STALL=0 DSTATE_RELAXED_AMO=1 DSTATE_REQ_COMBINE=16	false		0.000495	297039	123151	296	22323	14155	1839	37f7bdbafd5c3c20	869efe8491d45545	1e8d7d6482f259d2
G14_regress_v3R_nostall	remote	O3	coherence_regression		DSTATE_BUSY_STALL=1 DSTATE_EXEC_LATENCY=42 DSTATE_HIT_LATENCY=4 DSTATE_HOTWORDS=32 DSTATE_INIT_INTERVAL=4 DSTATE_MERGE_LIMIT=64 DSTATE_QUEUE_DEPTH=16 DSTATE_QUEUE_STALL=0 DSTATE_RELAXED_AMO=1 DSTATE_REQ_COMBINE=16	true	CORRECT: widths, modular adds, multiple readers, ordinary stores, publication	0.000483	298841	123548	395	20826	13571	1643	37f7bdbafd5c3c20	869efe8491d45545	1e8d7d6482f259d2
G1_regress_fenced_default	forced-nack	O3	coherence_regression_fenced		DSTATE_EXEC_LATENCY=42	true	CORRECT: widths, modular adds, multiple readers, ordinary stores, publication	0.000876	744149	314970	31339	0	0	0	fa87ff8f802c9110	d22b010fd3e2f476	434bae796efe44d8
G1_regress_fenced_default	local	O3	coherence_regression_fenced		DSTATE_EXEC_LATENCY=42	true	CORRECT: widths, modular adds, multiple readers, ordinary stores, publication	0.000891	701648	267104	0	0	0	0	fa87ff8f802c9110	d22b010fd3e2f476	434bae796efe44d8
G1_regress_fenced_default	persistent	O3	coherence_regression_fenced		DSTATE_EXEC_LATENCY=42	true	CORRECT: widths, modular adds, multiple readers, ordinary stores, publication	0.000872	723185	301278	28940	0	2196	0	fa87ff8f802c9110	d22b010fd3e2f476	434bae796efe44d8
G1_regress_fenced_default	remote	O3	coherence_regression_fenced		DSTATE_EXEC_LATENCY=42	true	CORRECT: widths, modular adds, multiple readers, ordinary stores, publication	0.000874	723474	301323	28881	0	2285	0	fa87ff8f802c9110	d22b010fd3e2f476	434bae796efe44d8
G2_regress_unfenced_default	forced-nack	O3	coherence_regression		DSTATE_EXEC_LATENCY=42	true	CORRECT: widths, modular adds, multiple readers, ordinary stores, publication	0.000848	870949	363703	31040	0	0	0	fa87ff8f802c9110	869efe8491d45545	434bae796efe44d8
G2_regress_unfenced_default	local	O3	coherence_regression		DSTATE_EXEC_LATENCY=42	true	CORRECT: widths, modular adds, multiple readers, ordinary stores, publication	0.000839	796027	302571	0	0	0	0	fa87ff8f802c9110	869efe8491d45545	434bae796efe44d8
G2_regress_unfenced_default	persistent	O3	coherence_regression		DSTATE_EXEC_LATENCY=42	true	CORRECT: widths, modular adds, multiple readers, ordinary stores, publication	0.000869	843391	340699	25844	0	5088	0	fa87ff8f802c9110	869efe8491d45545	434bae796efe44d8
G2_regress_unfenced_default	remote	O3	coherence_regression		DSTATE_EXEC_LATENCY=42	true	CORRECT: widths, modular adds, multiple readers, ordinary stores, publication	0.000864	840087	339461	25742	0	5113	0	fa87ff8f802c9110	869efe8491d45545	434bae796efe44d8
G3_regress_unfenced_knobs	forced-nack	O3	coherence_regression		DSTATE_BUSY_STALL=1 DSTATE_EXEC_LATENCY=42 DSTATE_INIT_INTERVAL=4 DSTATE_QUEUE_DEPTH=8	true	CORRECT: widths, modular adds, multiple readers, ordinary stores, publication	0.000848	870949	363703	31040	0	0	0	2b0a8206c5d2058c	869efe8491d45545	b69323100ffc79e1
G3_regress_unfenced_knobs	local	O3	coherence_regression		DSTATE_BUSY_STALL=1 DSTATE_EXEC_LATENCY=42 DSTATE_INIT_INTERVAL=4 DSTATE_QUEUE_DEPTH=8	true	CORRECT: widths, modular adds, multiple readers, ordinary stores, publication	0.000839	796027	302571	0	0	0	0	2b0a8206c5d2058c	869efe8491d45545	b69323100ffc79e1
G3_regress_unfenced_knobs	persistent	O3	coherence_regression		DSTATE_BUSY_STALL=1 DSTATE_EXEC_LATENCY=42 DSTATE_INIT_INTERVAL=4 DSTATE_QUEUE_DEPTH=8	true	CORRECT: widths, modular adds, multiple readers, ordinary stores, publication	0.000791	540175	226770	14	26233	30998	0	2b0a8206c5d2058c	869efe8491d45545	b69323100ffc79e1
G3_regress_unfenced_knobs	remote	O3	coherence_regression		DSTATE_BUSY_STALL=1 DSTATE_EXEC_LATENCY=42 DSTATE_INIT_INTERVAL=4 DSTATE_QUEUE_DEPTH=8	true	CORRECT: widths, modular adds, multiple readers, ordinary stores, publication	0.000805	555214	226456	270	26672	30749	0	2b0a8206c5d2058c	869efe8491d45545	b69323100ffc79e1
G4_regress_fenced_minor	forced-nack	Minor	coherence_regression_fenced		DSTATE_EXEC_LATENCY=42	true	CORRECT: widths, modular adds, multiple readers, ordinary stores, publication	0.001062	752786	319681	32712	0	0	0	fa87ff8f802c9110	d22b010fd3e2f476	434bae796efe44d8
G4_regress_fenced_minor	local	Minor	coherence_regression_fenced		DSTATE_EXEC_LATENCY=42	true	CORRECT: widths, modular adds, multiple readers, ordinary stores, publication	0.001062	670467	253971	0	0	0	0	fa87ff8f802c9110	d22b010fd3e2f476	434bae796efe44d8
G4_regress_fenced_minor	persistent	Minor	coherence_regression_fenced		DSTATE_EXEC_LATENCY=42	true	CORRECT: widths, modular adds, multiple readers, ordinary stores, publication	0.001074	720032	299242	28171	0	4429	0	fa87ff8f802c9110	d22b010fd3e2f476	434bae796efe44d8
G4_regress_fenced_minor	remote	Minor	coherence_regression_fenced		DSTATE_EXEC_LATENCY=42	true	CORRECT: widths, modular adds, multiple readers, ordinary stores, publication	0.001074	720021	299239	28171	0	4429	0	fa87ff8f802c9110	d22b010fd3e2f476	434bae796efe44d8
G5_regress_hotmerge_o3	forced-nack	O3	coherence_regression		DSTATE_BUSY_STALL=1 DSTATE_EXEC_LATENCY=42 DSTATE_HIT_LATENCY=4 DSTATE_HOTWORDS=8 DSTATE_INIT_INTERVAL=4 DSTATE_MERGE_LIMIT=8 DSTATE_QUEUE_DEPTH=8	true	CORRECT: widths, modular adds, multiple readers, ordinary stores, publication	0.000836	764835	324082	31902	0	0	0	0e2386231ed6b31d	869efe8491d45545	d70eca1d7d748107
G5_regress_hotmerge_o3	local	O3	coherence_regression		DSTATE_BUSY_STALL=1 DSTATE_EXEC_LATENCY=42 DSTATE_HIT_LATENCY=4 DSTATE_HOTWORDS=8 DSTATE_INIT_INTERVAL=4 DSTATE_MERGE_LIMIT=8 DSTATE_QUEUE_DEPTH=8	true	CORRECT: widths, modular adds, multiple readers, ordinary stores, publication	0.000835	689197	261365	0	0	0	0	0e2386231ed6b31d	869efe8491d45545	d70eca1d7d748107
G5_regress_hotmerge_o3	persistent	O3	coherence_regression		DSTATE_BUSY_STALL=1 DSTATE_EXEC_LATENCY=42 DSTATE_HIT_LATENCY=4 DSTATE_HOTWORDS=8 DSTATE_INIT_INTERVAL=4 DSTATE_MERGE_LIMIT=8 DSTATE_QUEUE_DEPTH=8	true	CORRECT: widths, modular adds, multiple readers, ordinary stores, publication	0.000692	453248	187198	82	18205	23917	5691	0e2386231ed6b31d	869efe8491d45545	d70eca1d7d748107
G5_regress_hotmerge_o3	remote	O3	coherence_regression		DSTATE_BUSY_STALL=1 DSTATE_EXEC_LATENCY=42 DSTATE_HIT_LATENCY=4 DSTATE_HOTWORDS=8 DSTATE_INIT_INTERVAL=4 DSTATE_MERGE_LIMIT=8 DSTATE_QUEUE_DEPTH=8	true	CORRECT: widths, modular adds, multiple readers, ordinary stores, publication	0.000658	433641	179223	438	17083	22999	5413	0e2386231ed6b31d	869efe8491d45545	d70eca1d7d748107
G6_regress_hotmerge_minor	forced-nack	Minor	coherence_regression		DSTATE_BUSY_STALL=1 DSTATE_EXEC_LATENCY=42 DSTATE_HIT_LATENCY=4 DSTATE_HOTWORDS=8 DSTATE_INIT_INTERVAL=4 DSTATE_MERGE_LIMIT=8 DSTATE_QUEUE_DEPTH=8	true	CORRECT: widths, modular adds, multiple readers, ordinary stores, publication	0.001066	756210	320412	32790	0	0	0	0e2386231ed6b31d	869efe8491d45545	d70eca1d7d748107
G6_regress_hotmerge_minor	local	Minor	coherence_regression		DSTATE_BUSY_STALL=1 DSTATE_EXEC_LATENCY=42 DSTATE_HIT_LATENCY=4 DSTATE_HOTWORDS=8 DSTATE_INIT_INTERVAL=4 DSTATE_MERGE_LIMIT=8 DSTATE_QUEUE_DEPTH=8	true	CORRECT: widths, modular adds, multiple readers, ordinary stores, publication	0.001065	672911	254311	0	0	0	0	0e2386231ed6b31d	869efe8491d45545	d70eca1d7d748107
G6_regress_hotmerge_minor	persistent	Minor	coherence_regression		DSTATE_BUSY_STALL=1 DSTATE_EXEC_LATENCY=42 DSTATE_HIT_LATENCY=4 DSTATE_HOTWORDS=8 DSTATE_INIT_INTERVAL=4 DSTATE_MERGE_LIMIT=8 DSTATE_QUEUE_DEPTH=8	true	CORRECT: widths, modular adds, multiple readers, ordinary stores, publication	0.000887	386094	168714	19	16615	26065	6310	0e2386231ed6b31d	869efe8491d45545	d70eca1d7d748107
G6_regress_hotmerge_minor	remote	Minor	coherence_regression		DSTATE_BUSY_STALL=1 DSTATE_EXEC_LATENCY=42 DSTATE_HIT_LATENCY=4 DSTATE_HOTWORDS=8 DSTATE_INIT_INTERVAL=4 DSTATE_MERGE_LIMIT=8 DSTATE_QUEUE_DEPTH=8	true	CORRECT: widths, modular adds, multiple readers, ordinary stores, publication	0.000930	401317	169447	410	18933	26160	5923	0e2386231ed6b31d	869efe8491d45545	d70eca1d7d748107
G7_regress_fromS_o3	forced-nack	O3	coherence_regression		DSTATE_BUSY_STALL=1 DSTATE_DELEGATE_FROM_S=1 DSTATE_EXEC_LATENCY=42 DSTATE_HIT_LATENCY=4 DSTATE_HOTWORDS=8 DSTATE_INIT_INTERVAL=4 DSTATE_MERGE_LIMIT=8 DSTATE_QUEUE_DEPTH=8	true	CORRECT: widths, modular adds, multiple readers, ordinary stores, publication	0.000834	762613	324059	32007	0	0	0	0e2386231ed6b31d	869efe8491d45545	d70eca1d7d748107
G7_regress_fromS_o3	local	O3	coherence_regression		DSTATE_BUSY_STALL=1 DSTATE_DELEGATE_FROM_S=1 DSTATE_EXEC_LATENCY=42 DSTATE_HIT_LATENCY=4 DSTATE_HOTWORDS=8 DSTATE_INIT_INTERVAL=4 DSTATE_MERGE_LIMIT=8 DSTATE_QUEUE_DEPTH=8	true	CORRECT: widths, modular adds, multiple readers, ordinary stores, publication	0.000835	689197	261365	0	0	0	0	0e2386231ed6b31d	869efe8491d45545	d70eca1d7d748107
G7_regress_fromS_o3	persistent	O3	coherence_regression		DSTATE_BUSY_STALL=1 DSTATE_DELEGATE_FROM_S=1 DSTATE_EXEC_LATENCY=42 DSTATE_HIT_LATENCY=4 DSTATE_HOTWORDS=8 DSTATE_INIT_INTERVAL=4 DSTATE_MERGE_LIMIT=8 DSTATE_QUEUE_DEPTH=8	true	CORRECT: widths, modular adds, multiple readers, ordinary stores, publication	0.000658	428264	184909	191	18929	24930	6979	0e2386231ed6b31d	869efe8491d45545	d70eca1d7d748107
G7_regress_fromS_o3	remote	O3	coherence_regression		DSTATE_BUSY_STALL=1 DSTATE_DELEGATE_FROM_S=1 DSTATE_EXEC_LATENCY=42 DSTATE_HIT_LATENCY=4 DSTATE_HOTWORDS=8 DSTATE_INIT_INTERVAL=4 DSTATE_MERGE_LIMIT=8 DSTATE_QUEUE_DEPTH=8	true	CORRECT: widths, modular adds, multiple readers, ordinary stores, publication	0.000658	431020	179097	777	16934	23060	4982	0e2386231ed6b31d	869efe8491d45545	d70eca1d7d748107
G8_regress_relaxed_o3	forced-nack	O3	coherence_regression		DSTATE_BUSY_STALL=1 DSTATE_EXEC_LATENCY=42 DSTATE_HIT_LATENCY=4 DSTATE_HOTWORDS=8 DSTATE_INIT_INTERVAL=4 DSTATE_MERGE_LIMIT=8 DSTATE_QUEUE_DEPTH=8 DSTATE_RELAXED_AMO=1	true	CORRECT: widths, modular adds, multiple readers, ordinary stores, publication	0.000355	293980	115004	4616	0	0	0	0e2386231ed6b31d	869efe8491d45545	d70eca1d7d748107
G8_regress_relaxed_o3	local	O3	coherence_regression		DSTATE_BUSY_STALL=1 DSTATE_EXEC_LATENCY=42 DSTATE_HIT_LATENCY=4 DSTATE_HOTWORDS=8 DSTATE_INIT_INTERVAL=4 DSTATE_MERGE_LIMIT=8 DSTATE_QUEUE_DEPTH=8 DSTATE_RELAXED_AMO=1	true	CORRECT: widths, modular adds, multiple readers, ordinary stores, publication	0.000353	279944	104624	0	0	0	0	0e2386231ed6b31d	869efe8491d45545	d70eca1d7d748107
G8_regress_relaxed_o3	persistent	O3	coherence_regression		DSTATE_BUSY_STALL=1 DSTATE_EXEC_LATENCY=42 DSTATE_HIT_LATENCY=4 DSTATE_HOTWORDS=8 DSTATE_INIT_INTERVAL=4 DSTATE_MERGE_LIMIT=8 DSTATE_QUEUE_DEPTH=8 DSTATE_RELAXED_AMO=1	true	CORRECT: widths, modular adds, multiple readers, ordinary stores, publication	0.000545	333830	143291	278	24438	18819	4675	0e2386231ed6b31d	869efe8491d45545	d70eca1d7d748107
G8_regress_relaxed_o3	remote	O3	coherence_regression		DSTATE_BUSY_STALL=1 DSTATE_EXEC_LATENCY=42 DSTATE_HIT_LATENCY=4 DSTATE_HOTWORDS=8 DSTATE_INIT_INTERVAL=4 DSTATE_MERGE_LIMIT=8 DSTATE_QUEUE_DEPTH=8 DSTATE_RELAXED_AMO=1	true	CORRECT: widths, modular adds, multiple readers, ordinary stores, publication	0.000501	319266	137168	319	21355	17303	4705	0e2386231ed6b31d	869efe8491d45545	d70eca1d7d748107
G9_regress_v3R_fenced_o3	forced-nack	O3	coherence_regression_fenced		DSTATE_BUSY_STALL=1 DSTATE_EXEC_LATENCY=42 DSTATE_HIT_LATENCY=4 DSTATE_HOTWORDS=32 DSTATE_INIT_INTERVAL=4 DSTATE_MERGE_LIMIT=64 DSTATE_QUEUE_DEPTH=16 DSTATE_QUEUE_STALL=1 DSTATE_RELAXED_AMO=1 DSTATE_REQ_COMBINE=16	true	CORRECT: widths, modular adds, multiple readers, ordinary stores, publication	0.000860	740156	313963	31489	0	0	0	37f7bdbafd5c3c20	d22b010fd3e2f476	1e8d7d6482f259d2
G9_regress_v3R_fenced_o3	local	O3	coherence_regression_fenced		DSTATE_BUSY_STALL=1 DSTATE_EXEC_LATENCY=42 DSTATE_HIT_LATENCY=4 DSTATE_HOTWORDS=32 DSTATE_INIT_INTERVAL=4 DSTATE_MERGE_LIMIT=64 DSTATE_QUEUE_DEPTH=16 DSTATE_QUEUE_STALL=1 DSTATE_RELAXED_AMO=1 DSTATE_REQ_COMBINE=16	true	CORRECT: widths, modular adds, multiple readers, ordinary stores, publication	0.000883	695946	264530	0	0	0	0	37f7bdbafd5c3c20	d22b010fd3e2f476	1e8d7d6482f259d2
G9_regress_v3R_fenced_o3	persistent	O3	coherence_regression_fenced		DSTATE_BUSY_STALL=1 DSTATE_EXEC_LATENCY=42 DSTATE_HIT_LATENCY=4 DSTATE_HOTWORDS=32 DSTATE_INIT_INTERVAL=4 DSTATE_MERGE_LIMIT=64 DSTATE_QUEUE_DEPTH=16 DSTATE_QUEUE_STALL=1 DSTATE_RELAXED_AMO=1 DSTATE_REQ_COMBINE=16	true	CORRECT: widths, modular adds, multiple readers, ordinary stores, publication	0.000676	383002	166867	24	16348	24764	7120	37f7bdbafd5c3c20	d22b010fd3e2f476	1e8d7d6482f259d2
G9_regress_v3R_fenced_o3	remote	O3	coherence_regression_fenced		DSTATE_BUSY_STALL=1 DSTATE_EXEC_LATENCY=42 DSTATE_HIT_LATENCY=4 DSTATE_HOTWORDS=32 DSTATE_INIT_INTERVAL=4 DSTATE_MERGE_LIMIT=64 DSTATE_QUEUE_DEPTH=16 DSTATE_QUEUE_STALL=1 DSTATE_RELAXED_AMO=1 DSTATE_REQ_COMBINE=16	true	CORRECT: widths, modular adds, multiple readers, ordinary stores, publication	0.000732	403972	169400	418	16873	24862	5740	37f7bdbafd5c3c20	d22b010fd3e2f476	1e8d7d6482f259d2
G9u_regress_v3R_unfenced_o3	forced-nack	O3	coherence_regression		DSTATE_BUSY_STALL=1 DSTATE_EXEC_LATENCY=42 DSTATE_HIT_LATENCY=4 DSTATE_HOTWORDS=32 DSTATE_INIT_INTERVAL=4 DSTATE_MERGE_LIMIT=64 DSTATE_QUEUE_DEPTH=16 DSTATE_QUEUE_STALL=1 DSTATE_RELAXED_AMO=1 DSTATE_REQ_COMBINE=16	true	CORRECT: widths, modular adds, multiple readers, ordinary stores, publication	0.000355	293980	115004	4616	0	0	0	37f7bdbafd5c3c20	869efe8491d45545	1e8d7d6482f259d2
G9u_regress_v3R_unfenced_o3	local	O3	coherence_regression		DSTATE_BUSY_STALL=1 DSTATE_EXEC_LATENCY=42 DSTATE_HIT_LATENCY=4 DSTATE_HOTWORDS=32 DSTATE_INIT_INTERVAL=4 DSTATE_MERGE_LIMIT=64 DSTATE_QUEUE_DEPTH=16 DSTATE_QUEUE_STALL=1 DSTATE_RELAXED_AMO=1 DSTATE_REQ_COMBINE=16	true	CORRECT: widths, modular adds, multiple readers, ordinary stores, publication	0.000353	279944	104624	0	0	0	0	37f7bdbafd5c3c20	869efe8491d45545	1e8d7d6482f259d2
G9u_regress_v3R_unfenced_o3	persistent	O3	coherence_regression		DSTATE_BUSY_STALL=1 DSTATE_EXEC_LATENCY=42 DSTATE_HIT_LATENCY=4 DSTATE_HOTWORDS=32 DSTATE_INIT_INTERVAL=4 DSTATE_MERGE_LIMIT=64 DSTATE_QUEUE_DEPTH=16 DSTATE_QUEUE_STALL=1 DSTATE_RELAXED_AMO=1 DSTATE_REQ_COMBINE=16	false		0.000495	297039	123151	296	22323	14155	1839	37f7bdbafd5c3c20	869efe8491d45545	1e8d7d6482f259d2
G9u_regress_v3R_unfenced_o3	remote	O3	coherence_regression		DSTATE_BUSY_STALL=1 DSTATE_EXEC_LATENCY=42 DSTATE_HIT_LATENCY=4 DSTATE_HOTWORDS=32 DSTATE_INIT_INTERVAL=4 DSTATE_MERGE_LIMIT=64 DSTATE_QUEUE_DEPTH=16 DSTATE_QUEUE_STALL=1 DSTATE_RELAXED_AMO=1 DSTATE_REQ_COMBINE=16	true	CORRECT: widths, modular adds, multiple readers, ordinary stores, publication	0.000483	298841	123548	395	20826	13571	1643	37f7bdbafd5c3c20	869efe8491d45545	1e8d7d6482f259d2
H0_hotkey_default	forced-nack	O3	scatter_dstate	4 2000 1	DSTATE_EXEC_LATENCY=42	true	checksum=8000 expected=8000 CORRECT	0.000153	59307	17739	386	0	0	0	0e2386231ed6b31d	e22b2f08b42c2b88	d70eca1d7d748107
H0_hotkey_default	local	O3	scatter_dstate	4 2000 1	DSTATE_EXEC_LATENCY=42	true	checksum=8000 expected=8000 CORRECT	0.000153	58627	17003	0	0	0	0	0e2386231ed6b31d	e22b2f08b42c2b88	d70eca1d7d748107
H0_hotkey_default	persistent	O3	scatter_dstate	4 2000 1	DSTATE_EXEC_LATENCY=42	true	checksum=8000 expected=8000 CORRECT	0.000152	59319	17743	386	0	2	0	0e2386231ed6b31d	e22b2f08b42c2b88	d70eca1d7d748107
H0_hotkey_default	remote	O3	scatter_dstate	4 2000 1	DSTATE_EXEC_LATENCY=42	true	checksum=8000 expected=8000 CORRECT	0.000152	59319	17743	386	0	2	0	0e2386231ed6b31d	e22b2f08b42c2b88	d70eca1d7d748107
H1_hotkey_full_l20	forced-nack	O3	scatter_dstate	4 2000 1	DSTATE_BUSY_STALL=1 DSTATE_EXEC_LATENCY=20 DSTATE_INIT_INTERVAL=4 DSTATE_QUEUE_DEPTH=8	true	checksum=8000 expected=8000 CORRECT	0.000153	59307	17739	386	0	0	0	0e2386231ed6b31d	e22b2f08b42c2b88	d70eca1d7d748107
H1_hotkey_full_l20	local	O3	scatter_dstate	4 2000 1	DSTATE_BUSY_STALL=1 DSTATE_EXEC_LATENCY=20 DSTATE_INIT_INTERVAL=4 DSTATE_QUEUE_DEPTH=8	true	checksum=8000 expected=8000 CORRECT	0.000153	58627	17003	0	0	0	0	0e2386231ed6b31d	e22b2f08b42c2b88	d70eca1d7d748107
H1_hotkey_full_l20	persistent	O3	scatter_dstate	4 2000 1	DSTATE_BUSY_STALL=1 DSTATE_EXEC_LATENCY=20 DSTATE_INIT_INTERVAL=4 DSTATE_QUEUE_DEPTH=8	true	checksum=8000 expected=8000 CORRECT	0.000218	69475	31011	0	15986	8000	0	0e2386231ed6b31d	e22b2f08b42c2b88	d70eca1d7d748107
H1_hotkey_full_l20	remote	O3	scatter_dstate	4 2000 1	DSTATE_BUSY_STALL=1 DSTATE_EXEC_LATENCY=20 DSTATE_INIT_INTERVAL=4 DSTATE_QUEUE_DEPTH=8	true	checksum=8000 expected=8000 CORRECT	0.000218	69475	31011	0	15986	8000	0	0e2386231ed6b31d	e22b2f08b42c2b88	d70eca1d7d748107
H2_hotkey_hot32	forced-nack	O3	scatter_dstate	4 2000 1	DSTATE_BUSY_STALL=1 DSTATE_EXEC_LATENCY=42 DSTATE_HIT_LATENCY=4 DSTATE_HOTWORDS=32 DSTATE_INIT_INTERVAL=4 DSTATE_QUEUE_DEPTH=8	true	checksum=8000 expected=8000 CORRECT	0.000153	59307	17739	386	0	0	0	0e2386231ed6b31d	e22b2f08b42c2b88	d70eca1d7d748107
H2_hotkey_hot32	local	O3	scatter_dstate	4 2000 1	DSTATE_BUSY_STALL=1 DSTATE_EXEC_LATENCY=42 DSTATE_HIT_LATENCY=4 DSTATE_HOTWORDS=32 DSTATE_INIT_INTERVAL=4 DSTATE_QUEUE_DEPTH=8	true	checksum=8000 expected=8000 CORRECT	0.000153	58627	17003	0	0	0	0	0e2386231ed6b31d	e22b2f08b42c2b88	d70eca1d7d748107
H2_hotkey_hot32	persistent	O3	scatter_dstate	4 2000 1	DSTATE_BUSY_STALL=1 DSTATE_EXEC_LATENCY=42 DSTATE_HIT_LATENCY=4 DSTATE_HOTWORDS=32 DSTATE_INIT_INTERVAL=4 DSTATE_QUEUE_DEPTH=8	true	checksum=8000 expected=8000 CORRECT	0.000164	69549	31037	0	16	8000	0	0e2386231ed6b31d	e22b2f08b42c2b88	d70eca1d7d748107
H2_hotkey_hot32	remote	O3	scatter_dstate	4 2000 1	DSTATE_BUSY_STALL=1 DSTATE_EXEC_LATENCY=42 DSTATE_HIT_LATENCY=4 DSTATE_HOTWORDS=32 DSTATE_INIT_INTERVAL=4 DSTATE_QUEUE_DEPTH=8	true	checksum=8000 expected=8000 CORRECT	0.000164	69549	31037	0	16	8000	0	0e2386231ed6b31d	e22b2f08b42c2b88	d70eca1d7d748107
H3_hotkey_hot32_merge	forced-nack	O3	scatter_dstate	4 2000 1	DSTATE_BUSY_STALL=1 DSTATE_EXEC_LATENCY=42 DSTATE_HIT_LATENCY=4 DSTATE_HOTWORDS=32 DSTATE_INIT_INTERVAL=4 DSTATE_MERGE_LIMIT=8 DSTATE_QUEUE_DEPTH=8	true	checksum=8000 expected=8000 CORRECT	0.000153	59307	17739	386	0	0	0	0e2386231ed6b31d	e22b2f08b42c2b88	d70eca1d7d748107
H3_hotkey_hot32_merge	local	O3	scatter_dstate	4 2000 1	DSTATE_BUSY_STALL=1 DSTATE_EXEC_LATENCY=42 DSTATE_HIT_LATENCY=4 DSTATE_HOTWORDS=32 DSTATE_INIT_INTERVAL=4 DSTATE_MERGE_LIMIT=8 DSTATE_QUEUE_DEPTH=8	true	checksum=8000 expected=8000 CORRECT	0.000153	58627	17003	0	0	0	0	0e2386231ed6b31d	e22b2f08b42c2b88	d70eca1d7d748107
H3_hotkey_hot32_merge	persistent	O3	scatter_dstate	4 2000 1	DSTATE_BUSY_STALL=1 DSTATE_EXEC_LATENCY=42 DSTATE_HIT_LATENCY=4 DSTATE_HOTWORDS=32 DSTATE_INIT_INTERVAL=4 DSTATE_MERGE_LIMIT=8 DSTATE_QUEUE_DEPTH=8	true	checksum=8000 expected=8000 CORRECT	0.000164	69476	31012	0	1	5999	2001	0e2386231ed6b31d	e22b2f08b42c2b88	d70eca1d7d748107
H3_hotkey_hot32_merge	remote	O3	scatter_dstate	4 2000 1	DSTATE_BUSY_STALL=1 DSTATE_EXEC_LATENCY=42 DSTATE_HIT_LATENCY=4 DSTATE_HOTWORDS=32 DSTATE_INIT_INTERVAL=4 DSTATE_MERGE_LIMIT=8 DSTATE_QUEUE_DEPTH=8	true	checksum=8000 expected=8000 CORRECT	0.000164	69476	31012	0	1	5999	2001	0e2386231ed6b31d	e22b2f08b42c2b88	d70eca1d7d748107
H4_hotkey_hot32_merge_relaxed	forced-nack	O3	scatter_dstate	4 2000 1	DSTATE_BUSY_STALL=1 DSTATE_EXEC_LATENCY=42 DSTATE_HIT_LATENCY=4 DSTATE_HOTWORDS=32 DSTATE_INIT_INTERVAL=4 DSTATE_MERGE_LIMIT=8 DSTATE_QUEUE_DEPTH=8 DSTATE_RELAXED_AMO=1	true	checksum=8000 expected=8000 CORRECT	0.000153	59307	17739	386	0	0	0	0e2386231ed6b31d	e22b2f08b42c2b88	d70eca1d7d748107
H4_hotkey_hot32_merge_relaxed	local	O3	scatter_dstate	4 2000 1	DSTATE_BUSY_STALL=1 DSTATE_EXEC_LATENCY=42 DSTATE_HIT_LATENCY=4 DSTATE_HOTWORDS=32 DSTATE_INIT_INTERVAL=4 DSTATE_MERGE_LIMIT=8 DSTATE_QUEUE_DEPTH=8 DSTATE_RELAXED_AMO=1	true	checksum=8000 expected=8000 CORRECT	0.000153	58627	17003	0	0	0	0	0e2386231ed6b31d	e22b2f08b42c2b88	d70eca1d7d748107
H4_hotkey_hot32_merge_relaxed	persistent	O3	scatter_dstate	4 2000 1	DSTATE_BUSY_STALL=1 DSTATE_EXEC_LATENCY=42 DSTATE_HIT_LATENCY=4 DSTATE_HOTWORDS=32 DSTATE_INIT_INTERVAL=4 DSTATE_MERGE_LIMIT=8 DSTATE_QUEUE_DEPTH=8 DSTATE_RELAXED_AMO=1	true	checksum=8000 expected=8000 CORRECT	0.000163	69503	31023	0	1	4014	3986	0e2386231ed6b31d	e22b2f08b42c2b88	d70eca1d7d748107
H4_hotkey_hot32_merge_relaxed	remote	O3	scatter_dstate	4 2000 1	DSTATE_BUSY_STALL=1 DSTATE_EXEC_LATENCY=42 DSTATE_HIT_LATENCY=4 DSTATE_HOTWORDS=32 DSTATE_INIT_INTERVAL=4 DSTATE_MERGE_LIMIT=8 DSTATE_QUEUE_DEPTH=8 DSTATE_RELAXED_AMO=1	true	checksum=8000 expected=8000 CORRECT	0.000163	69503	31023	0	1	4014	3986	0e2386231ed6b31d	e22b2f08b42c2b88	d70eca1d7d748107
H5_scatter32_hot32_merge	forced-nack	O3	scatter_dstate	4 2000 32	DSTATE_BUSY_STALL=1 DSTATE_EXEC_LATENCY=42 DSTATE_HIT_LATENCY=4 DSTATE_HOTWORDS=32 DSTATE_INIT_INTERVAL=4 DSTATE_MERGE_LIMIT=8 DSTATE_QUEUE_DEPTH=8	true	checksum=8000 expected=8000 CORRECT	0.000150	58128	17208	320	0	0	0	0e2386231ed6b31d	e22b2f08b42c2b88	d70eca1d7d748107
H5_scatter32_hot32_merge	local	O3	scatter_dstate	4 2000 32	DSTATE_BUSY_STALL=1 DSTATE_EXEC_LATENCY=42 DSTATE_HIT_LATENCY=4 DSTATE_HOTWORDS=32 DSTATE_INIT_INTERVAL=4 DSTATE_MERGE_LIMIT=8 DSTATE_QUEUE_DEPTH=8	true	checksum=8000 expected=8000 CORRECT	0.000150	57684	16636	0	0	0	0	0e2386231ed6b31d	e22b2f08b42c2b88	d70eca1d7d748107
H5_scatter32_hot32_merge	persistent	O3	scatter_dstate	4 2000 32	DSTATE_BUSY_STALL=1 DSTATE_EXEC_LATENCY=42 DSTATE_HIT_LATENCY=4 DSTATE_HOTWORDS=32 DSTATE_INIT_INTERVAL=4 DSTATE_MERGE_LIMIT=8 DSTATE_QUEUE_DEPTH=8	true	checksum=8000 expected=8000 CORRECT	0.000165	69447	31007	0	158	8000	0	0e2386231ed6b31d	e22b2f08b42c2b88	d70eca1d7d748107
H5_scatter32_hot32_merge	remote	O3	scatter_dstate	4 2000 32	DSTATE_BUSY_STALL=1 DSTATE_EXEC_LATENCY=42 DSTATE_HIT_LATENCY=4 DSTATE_HOTWORDS=32 DSTATE_INIT_INTERVAL=4 DSTATE_MERGE_LIMIT=8 DSTATE_QUEUE_DEPTH=8	true	checksum=8000 expected=8000 CORRECT	0.000165	69447	31007	0	158	8000	0	0e2386231ed6b31d	e22b2f08b42c2b88	d70eca1d7d748107
K0_hotkey800k_default	forced-nack	O3	scatter_dstate	4 200000 1	DSTATE_EXEC_LATENCY=42	true	checksum=800000 expected=800000 CORRECT	0.001918	777034	352714	48245	0	0	0	0e2386231ed6b31d	e22b2f08b42c2b88	d70eca1d7d748107
K0_hotkey800k_default	local	O3	scatter_dstate	4 200000 1	DSTATE_EXEC_LATENCY=42	true	checksum=800000 expected=800000 CORRECT	0.001918	685375	258079	0	0	0	0	0e2386231ed6b31d	e22b2f08b42c2b88	d70eca1d7d748107
K0_hotkey800k_default	persistent	O3	scatter_dstate	4 200000 1	DSTATE_EXEC_LATENCY=42	true	checksum=800000 expected=800000 CORRECT	0.001918	776996	352668	48235	0	12	0	0e2386231ed6b31d	e22b2f08b42c2b88	d70eca1d7d748107
K0_hotkey800k_default	remote	O3	scatter_dstate	4 200000 1	DSTATE_EXEC_LATENCY=42	true	checksum=800000 expected=800000 CORRECT	0.001918	776996	352668	48235	0	12	0	0e2386231ed6b31d	e22b2f08b42c2b88	d70eca1d7d748107
K1_hotkey800k_full_l20	forced-nack	O3	scatter_dstate	4 200000 1	DSTATE_BUSY_STALL=1 DSTATE_EXEC_LATENCY=20 DSTATE_INIT_INTERVAL=4 DSTATE_QUEUE_DEPTH=8	true	checksum=800000 expected=800000 CORRECT	0.001918	777034	352714	48245	0	0	0	0e2386231ed6b31d	e22b2f08b42c2b88	d70eca1d7d748107
K1_hotkey800k_full_l20	local	O3	scatter_dstate	4 200000 1	DSTATE_BUSY_STALL=1 DSTATE_EXEC_LATENCY=20 DSTATE_INIT_INTERVAL=4 DSTATE_QUEUE_DEPTH=8	true	checksum=800000 expected=800000 CORRECT	0.001918	685375	258079	0	0	0	0	0e2386231ed6b31d	e22b2f08b42c2b88	d70eca1d7d748107
K1_hotkey800k_full_l20	persistent	O3	scatter_dstate	4 200000 1	DSTATE_BUSY_STALL=1 DSTATE_EXEC_LATENCY=20 DSTATE_INIT_INTERVAL=4 DSTATE_QUEUE_DEPTH=8	true	checksum=800000 expected=800000 CORRECT	0.008138	1653399	1614999	0	1599986	800000	0	0e2386231ed6b31d	e22b2f08b42c2b88	d70eca1d7d748107
K1_hotkey800k_full_l20	remote	O3	scatter_dstate	4 200000 1	DSTATE_BUSY_STALL=1 DSTATE_EXEC_LATENCY=20 DSTATE_INIT_INTERVAL=4 DSTATE_QUEUE_DEPTH=8	true	checksum=800000 expected=800000 CORRECT	0.008138	1653399	1614999	0	1599986	800000	0	0e2386231ed6b31d	e22b2f08b42c2b88	d70eca1d7d748107
K2_hotkey800k_hot32_merge	forced-nack	O3	scatter_dstate	4 200000 1	DSTATE_BUSY_STALL=1 DSTATE_EXEC_LATENCY=42 DSTATE_HIT_LATENCY=4 DSTATE_HOTWORDS=32 DSTATE_INIT_INTERVAL=4 DSTATE_MERGE_LIMIT=8 DSTATE_QUEUE_DEPTH=8	true	checksum=800000 expected=800000 CORRECT	0.001918	777034	352714	48245	0	0	0	0e2386231ed6b31d	e22b2f08b42c2b88	d70eca1d7d748107
K2_hotkey800k_hot32_merge	local	O3	scatter_dstate	4 200000 1	DSTATE_BUSY_STALL=1 DSTATE_EXEC_LATENCY=42 DSTATE_HIT_LATENCY=4 DSTATE_HOTWORDS=32 DSTATE_INIT_INTERVAL=4 DSTATE_MERGE_LIMIT=8 DSTATE_QUEUE_DEPTH=8	true	checksum=800000 expected=800000 CORRECT	0.001918	685375	258079	0	0	0	0	0e2386231ed6b31d	e22b2f08b42c2b88	d70eca1d7d748107
K2_hotkey800k_hot32_merge	persistent	O3	scatter_dstate	4 200000 1	DSTATE_BUSY_STALL=1 DSTATE_EXEC_LATENCY=42 DSTATE_HIT_LATENCY=4 DSTATE_HOTWORDS=32 DSTATE_INIT_INTERVAL=4 DSTATE_MERGE_LIMIT=8 DSTATE_QUEUE_DEPTH=8	true	checksum=800000 expected=800000 CORRECT	0.002738	1653390	1614998	0	2	400020	399980	0e2386231ed6b31d	e22b2f08b42c2b88	d70eca1d7d748107
K2_hotkey800k_hot32_merge	remote	O3	scatter_dstate	4 200000 1	DSTATE_BUSY_STALL=1 DSTATE_EXEC_LATENCY=42 DSTATE_HIT_LATENCY=4 DSTATE_HOTWORDS=32 DSTATE_INIT_INTERVAL=4 DSTATE_MERGE_LIMIT=8 DSTATE_QUEUE_DEPTH=8	true	checksum=800000 expected=800000 CORRECT	0.002738	1653390	1614998	0	2	400020	399980	0e2386231ed6b31d	e22b2f08b42c2b88	d70eca1d7d748107
K3_hotkey800k_hot32_merge_relaxed	forced-nack	O3	scatter_dstate	4 200000 1	DSTATE_BUSY_STALL=1 DSTATE_EXEC_LATENCY=42 DSTATE_HIT_LATENCY=4 DSTATE_HOTWORDS=32 DSTATE_INIT_INTERVAL=4 DSTATE_MERGE_LIMIT=8 DSTATE_QUEUE_DEPTH=8 DSTATE_RELAXED_AMO=1	true	checksum=800000 expected=800000 CORRECT	0.001918	777106	352746	48251	0	0	0	0e2386231ed6b31d	e22b2f08b42c2b88	d70eca1d7d748107
K3_hotkey800k_hot32_merge_relaxed	local	O3	scatter_dstate	4 200000 1	DSTATE_BUSY_STALL=1 DSTATE_EXEC_LATENCY=42 DSTATE_HIT_LATENCY=4 DSTATE_HOTWORDS=32 DSTATE_INIT_INTERVAL=4 DSTATE_MERGE_LIMIT=8 DSTATE_QUEUE_DEPTH=8 DSTATE_RELAXED_AMO=1	true	checksum=800000 expected=800000 CORRECT	0.001918	685375	258079	0	0	0	0	0e2386231ed6b31d	e22b2f08b42c2b88	d70eca1d7d748107
K3_hotkey800k_hot32_merge_relaxed	persistent	O3	scatter_dstate	4 200000 1	DSTATE_BUSY_STALL=1 DSTATE_EXEC_LATENCY=42 DSTATE_HIT_LATENCY=4 DSTATE_HOTWORDS=32 DSTATE_INIT_INTERVAL=4 DSTATE_MERGE_LIMIT=8 DSTATE_QUEUE_DEPTH=8 DSTATE_RELAXED_AMO=1	true	checksum=800000 expected=800000 CORRECT	0.002638	1653274	1614962	0	1	600008	199992	0e2386231ed6b31d	e22b2f08b42c2b88	d70eca1d7d748107
K3_hotkey800k_hot32_merge_relaxed	remote	O3	scatter_dstate	4 200000 1	DSTATE_BUSY_STALL=1 DSTATE_EXEC_LATENCY=42 DSTATE_HIT_LATENCY=4 DSTATE_HOTWORDS=32 DSTATE_INIT_INTERVAL=4 DSTATE_MERGE_LIMIT=8 DSTATE_QUEUE_DEPTH=8 DSTATE_RELAXED_AMO=1	true	checksum=800000 expected=800000 CORRECT	0.002638	1653274	1614962	0	1	600008	199992	0e2386231ed6b31d	e22b2f08b42c2b88	d70eca1d7d748107
K4_scatter800k_full_l20	forced-nack	O3	scatter_dstate	4 200000 32	DSTATE_BUSY_STALL=1 DSTATE_EXEC_LATENCY=20 DSTATE_INIT_INTERVAL=4 DSTATE_QUEUE_DEPTH=8	true	checksum=800000 expected=800000 CORRECT	0.001530	619779	279323	37758	0	0	0	0e2386231ed6b31d	e22b2f08b42c2b88	d70eca1d7d748107
K4_scatter800k_full_l20	local	O3	scatter_dstate	4 200000 32	DSTATE_BUSY_STALL=1 DSTATE_EXEC_LATENCY=20 DSTATE_INIT_INTERVAL=4 DSTATE_QUEUE_DEPTH=8	true	checksum=800000 expected=800000 CORRECT	0.001531	548591	205471	0	0	0	0	0e2386231ed6b31d	e22b2f08b42c2b88	d70eca1d7d748107
K4_scatter800k_full_l20	persistent	O3	scatter_dstate	4 200000 32	DSTATE_BUSY_STALL=1 DSTATE_EXEC_LATENCY=20 DSTATE_INIT_INTERVAL=4 DSTATE_QUEUE_DEPTH=8	true	checksum=800000 expected=800000 CORRECT	0.008138	1653399	1614999	0	1599986	800000	0	0e2386231ed6b31d	e22b2f08b42c2b88	d70eca1d7d748107
K4_scatter800k_full_l20	remote	O3	scatter_dstate	4 200000 32	DSTATE_BUSY_STALL=1 DSTATE_EXEC_LATENCY=20 DSTATE_INIT_INTERVAL=4 DSTATE_QUEUE_DEPTH=8	true	checksum=800000 expected=800000 CORRECT	0.008138	1653399	1614999	0	1599986	800000	0	0e2386231ed6b31d	e22b2f08b42c2b88	d70eca1d7d748107
K5_scatter800k_hot32_merge_relaxed	forced-nack	O3	scatter_dstate	4 200000 32	DSTATE_BUSY_STALL=1 DSTATE_EXEC_LATENCY=42 DSTATE_HIT_LATENCY=4 DSTATE_HOTWORDS=32 DSTATE_INIT_INTERVAL=4 DSTATE_MERGE_LIMIT=8 DSTATE_QUEUE_DEPTH=8 DSTATE_RELAXED_AMO=1	true	checksum=800000 expected=800000 CORRECT	0.001526	615876	277500	37499	0	0	0	0e2386231ed6b31d	e22b2f08b42c2b88	d70eca1d7d748107
K5_scatter800k_hot32_merge_relaxed	local	O3	scatter_dstate	4 200000 32	DSTATE_BUSY_STALL=1 DSTATE_EXEC_LATENCY=42 DSTATE_HIT_LATENCY=4 DSTATE_HOTWORDS=32 DSTATE_INIT_INTERVAL=4 DSTATE_MERGE_LIMIT=8 DSTATE_QUEUE_DEPTH=8 DSTATE_RELAXED_AMO=1	true	checksum=800000 expected=800000 CORRECT	0.001526	544666	203962	0	0	0	0	0e2386231ed6b31d	e22b2f08b42c2b88	d70eca1d7d748107
K5_scatter800k_hot32_merge_relaxed	persistent	O3	scatter_dstate	4 200000 32	DSTATE_BUSY_STALL=1 DSTATE_EXEC_LATENCY=42 DSTATE_HIT_LATENCY=4 DSTATE_HOTWORDS=32 DSTATE_INIT_INTERVAL=4 DSTATE_MERGE_LIMIT=8 DSTATE_QUEUE_DEPTH=8 DSTATE_RELAXED_AMO=1	true	checksum=800000 expected=800000 CORRECT	0.002639	1653308	1614972	0	91	600001	199999	0e2386231ed6b31d	e22b2f08b42c2b88	d70eca1d7d748107
K5_scatter800k_hot32_merge_relaxed	remote	O3	scatter_dstate	4 200000 32	DSTATE_BUSY_STALL=1 DSTATE_EXEC_LATENCY=42 DSTATE_HIT_LATENCY=4 DSTATE_HOTWORDS=32 DSTATE_INIT_INTERVAL=4 DSTATE_MERGE_LIMIT=8 DSTATE_QUEUE_DEPTH=8 DSTATE_RELAXED_AMO=1	true	checksum=800000 expected=800000 CORRECT	0.002639	1653308	1614972	0	91	600001	199999	0e2386231ed6b31d	e22b2f08b42c2b88	d70eca1d7d748107
K6_rw800k_full_l20	forced-nack	O3	scatter_rw	4 200000 32 8	DSTATE_BUSY_STALL=1 DSTATE_EXEC_LATENCY=20 DSTATE_INIT_INTERVAL=4 DSTATE_QUEUE_DEPTH=8	true	per-cell oracle: CORRECT read_sink=39997808179	0.004653	1872926	816966	90064	0	0	0	0e2386231ed6b31d	29cf92fe3819a24f	d70eca1d7d748107
K6_rw800k_full_l20	local	O3	scatter_rw	4 200000 32 8	DSTATE_BUSY_STALL=1 DSTATE_EXEC_LATENCY=20 DSTATE_INIT_INTERVAL=4 DSTATE_QUEUE_DEPTH=8	true	per-cell oracle: CORRECT read_sink=39997812571	0.004641	1699375	640215	0	0	0	0	0e2386231ed6b31d	29cf92fe3819a24f	d70eca1d7d748107
K6_rw800k_full_l20	persistent	O3	scatter_rw	4 200000 32 8	DSTATE_BUSY_STALL=1 DSTATE_EXEC_LATENCY=20 DSTATE_INIT_INTERVAL=4 DSTATE_QUEUE_DEPTH=8	true	per-cell oracle: CORRECT read_sink=39998323002	0.007539	2885857	1230169	28507	216314	59632	0	0e2386231ed6b31d	29cf92fe3819a24f	d70eca1d7d748107
K6_rw800k_full_l20	remote	O3	scatter_rw	4 200000 32 8	DSTATE_BUSY_STALL=1 DSTATE_EXEC_LATENCY=20 DSTATE_INIT_INTERVAL=4 DSTATE_QUEUE_DEPTH=8	true	per-cell oracle: CORRECT read_sink=39998335188	0.007424	2842947	1222619	31669	221686	60106	0	0e2386231ed6b31d	29cf92fe3819a24f	d70eca1d7d748107
K7_rw800k_hot32_merge	forced-nack	O3	scatter_rw	4 200000 32 8	DSTATE_BUSY_STALL=1 DSTATE_EXEC_LATENCY=42 DSTATE_HIT_LATENCY=4 DSTATE_HOTWORDS=32 DSTATE_INIT_INTERVAL=4 DSTATE_MERGE_LIMIT=8 DSTATE_QUEUE_DEPTH=8	true	per-cell oracle: CORRECT read_sink=39997808179	0.004653	1872926	816966	90064	0	0	0	0e2386231ed6b31d	29cf92fe3819a24f	d70eca1d7d748107
K7_rw800k_hot32_merge	local	O3	scatter_rw	4 200000 32 8	DSTATE_BUSY_STALL=1 DSTATE_EXEC_LATENCY=42 DSTATE_HIT_LATENCY=4 DSTATE_HOTWORDS=32 DSTATE_INIT_INTERVAL=4 DSTATE_MERGE_LIMIT=8 DSTATE_QUEUE_DEPTH=8	true	per-cell oracle: CORRECT read_sink=39997812571	0.004641	1699375	640215	0	0	0	0	0e2386231ed6b31d	29cf92fe3819a24f	d70eca1d7d748107
K7_rw800k_hot32_merge	persistent	O3	scatter_rw	4 200000 32 8	DSTATE_BUSY_STALL=1 DSTATE_EXEC_LATENCY=42 DSTATE_HIT_LATENCY=4 DSTATE_HOTWORDS=32 DSTATE_INIT_INTERVAL=4 DSTATE_MERGE_LIMIT=8 DSTATE_QUEUE_DEPTH=8	true	per-cell oracle: CORRECT read_sink=39998285059	0.008088	3002547	1261283	16227	151505	44320	3951	0e2386231ed6b31d	29cf92fe3819a24f	d70eca1d7d748107
K7_rw800k_hot32_merge	remote	O3	scatter_rw	4 200000 32 8	DSTATE_BUSY_STALL=1 DSTATE_EXEC_LATENCY=42 DSTATE_HIT_LATENCY=4 DSTATE_HOTWORDS=32 DSTATE_INIT_INTERVAL=4 DSTATE_MERGE_LIMIT=8 DSTATE_QUEUE_DEPTH=8	true	per-cell oracle: CORRECT read_sink=39998301842	0.008003	2971493	1260037	16119	147970	43038	3941	0e2386231ed6b31d	29cf92fe3819a24f	d70eca1d7d748107
K8_rw800k_hot32_merge_relaxed	forced-nack	O3	scatter_rw	4 200000 32 8	DSTATE_BUSY_STALL=1 DSTATE_EXEC_LATENCY=42 DSTATE_HIT_LATENCY=4 DSTATE_HOTWORDS=32 DSTATE_INIT_INTERVAL=4 DSTATE_MERGE_LIMIT=8 DSTATE_QUEUE_DEPTH=8 DSTATE_RELAXED_AMO=1	true	per-cell oracle: CORRECT read_sink=39997709088	0.004107	1688021	759589	97476	0	0	0	0e2386231ed6b31d	29cf92fe3819a24f	d70eca1d7d748107
K8_rw800k_hot32_merge_relaxed	local	O3	scatter_rw	4 200000 32 8	DSTATE_BUSY_STALL=1 DSTATE_EXEC_LATENCY=42 DSTATE_HIT_LATENCY=4 DSTATE_HOTWORDS=32 DSTATE_INIT_INTERVAL=4 DSTATE_MERGE_LIMIT=8 DSTATE_QUEUE_DEPTH=8 DSTATE_RELAXED_AMO=1	true	per-cell oracle: CORRECT read_sink=39997716914	0.004134	1506042	568970	0	0	0	0	0e2386231ed6b31d	29cf92fe3819a24f	d70eca1d7d748107
K8_rw800k_hot32_merge_relaxed	persistent	O3	scatter_rw	4 200000 32 8	DSTATE_BUSY_STALL=1 DSTATE_EXEC_LATENCY=42 DSTATE_HIT_LATENCY=4 DSTATE_HOTWORDS=32 DSTATE_INIT_INTERVAL=4 DSTATE_MERGE_LIMIT=8 DSTATE_QUEUE_DEPTH=8 DSTATE_RELAXED_AMO=1	true	per-cell oracle: CORRECT read_sink=39998732119	0.013389	3692059	1770763	23925	539121	285709	35953	0e2386231ed6b31d	29cf92fe3819a24f	d70eca1d7d748107
K8_rw800k_hot32_merge_relaxed	remote	O3	scatter_rw	4 200000 32 8	DSTATE_BUSY_STALL=1 DSTATE_EXEC_LATENCY=42 DSTATE_HIT_LATENCY=4 DSTATE_HOTWORDS=32 DSTATE_INIT_INTERVAL=4 DSTATE_MERGE_LIMIT=8 DSTATE_QUEUE_DEPTH=8 DSTATE_RELAXED_AMO=1	true	per-cell oracle: CORRECT read_sink=39998712768	0.011884	3308712	1655824	32179	495111	237842	33328	0e2386231ed6b31d	29cf92fe3819a24f	d70eca1d7d748107
M0_multi512_fenced_default	forced-nack	O3	scatter_multi	4 2000 512	DSTATE_EXEC_LATENCY=42	not-recorded	per-cell oracle: CORRECT (512 cells)	0.040638	70739233	29719201	4096000	0	0	0	2b0a8206c5d2058c	abcd0a84489b7ef0	b69323100ffc79e1
M0_multi512_fenced_default	local	O3	scatter_multi	4 2000 512	DSTATE_EXEC_LATENCY=42	true	per-cell oracle: CORRECT (512 cells)	0.029886	62547233	21527201	0	0	0	0	2b0a8206c5d2058c	abcd0a84489b7ef0	b69323100ffc79e1
M0_multi512_fenced_default	persistent	O3	scatter_multi	4 2000 512	DSTATE_EXEC_LATENCY=42	true	per-cell oracle: CORRECT (512 cells)	0.040578	46549545	20094329	2350343	0	1745657	0	2b0a8206c5d2058c	abcd0a84489b7ef0	b69323100ffc79e1
M0_multi512_fenced_default	remote	O3	scatter_multi	4 2000 512	DSTATE_EXEC_LATENCY=42	true	per-cell oracle: CORRECT (512 cells)	0.040579	46550058	20094338	2350343	0	1745657	0	2b0a8206c5d2058c	abcd0a84489b7ef0	b69323100ffc79e1
M2_multi2048_unfenced_default	forced-nack	O3	scatter_multi	4 250 2048	DSTATE_EXEC_LATENCY=42	true	per-cell oracle: CORRECT (2048 cells)	0.020572	35495668	14894236	2048000	0	0	0	2b0a8206c5d2058c	abcd0a84489b7ef0	b69323100ffc79e1
M2_multi2048_unfenced_default	local	O3	scatter_multi	4 250 2048	DSTATE_EXEC_LATENCY=42	true	per-cell oracle: CORRECT (2048 cells)	0.015196	31399696	10798240	0	0	0	0	2b0a8206c5d2058c	abcd0a84489b7ef0	b69323100ffc79e1
M2_multi2048_unfenced_default	persistent	O3	scatter_multi	4 250 2048	DSTATE_EXEC_LATENCY=42	true	per-cell oracle: CORRECT (2048 cells)	0.019421	14638069	7037909	528047	0	1519953	0	2b0a8206c5d2058c	abcd0a84489b7ef0	b69323100ffc79e1
M2_multi2048_unfenced_default	remote	O3	scatter_multi	4 250 2048	DSTATE_EXEC_LATENCY=42	true	per-cell oracle: CORRECT (2048 cells)	0.019423	14643878	7037918	528047	0	1519953	0	2b0a8206c5d2058c	abcd0a84489b7ef0	b69323100ffc79e1
M2_multi512_unfenced_default	forced-nack	O3	scatter_multi	4 2000 512	DSTATE_EXEC_LATENCY=42	not-recorded	per-cell oracle: CORRECT (512 cells)	0.040638	70739233	29719201	4096000	0	0	0	2b0a8206c5d2058c	abcd0a84489b7ef0	b69323100ffc79e1
M2_multi512_unfenced_default	local	O3	scatter_multi	4 2000 512	DSTATE_EXEC_LATENCY=42	true	per-cell oracle: CORRECT (512 cells)	0.029886	62547233	21527201	0	0	0	0	2b0a8206c5d2058c	abcd0a84489b7ef0	b69323100ffc79e1
M2_multi512_unfenced_default	persistent	O3	scatter_multi	4 2000 512	DSTATE_EXEC_LATENCY=42	true	per-cell oracle: CORRECT (512 cells)	0.040578	46549545	20094329	2350343	0	1745657	0	2b0a8206c5d2058c	abcd0a84489b7ef0	b69323100ffc79e1
M2_multi512_unfenced_default	remote	O3	scatter_multi	4 2000 512	DSTATE_EXEC_LATENCY=42	true	per-cell oracle: CORRECT (512 cells)	0.040579	46550058	20094338	2350343	0	1745657	0	2b0a8206c5d2058c	abcd0a84489b7ef0	b69323100ffc79e1
M5_multi512_unfenced_full	forced-nack	O3	scatter_multi	4 2000 512	DSTATE_BUSY_STALL=1 DSTATE_EXEC_LATENCY=42 DSTATE_INIT_INTERVAL=4 DSTATE_QUEUE_DEPTH=8	true	per-cell oracle: CORRECT (512 cells)	0.040638	70739233	29719201	4096000	0	0	0	2b0a8206c5d2058c	abcd0a84489b7ef0	b69323100ffc79e1
M5_multi512_unfenced_full	local	O3	scatter_multi	4 2000 512	DSTATE_BUSY_STALL=1 DSTATE_EXEC_LATENCY=42 DSTATE_INIT_INTERVAL=4 DSTATE_QUEUE_DEPTH=8	true	per-cell oracle: CORRECT (512 cells)	0.029886	62547233	21527201	0	0	0	0	2b0a8206c5d2058c	abcd0a84489b7ef0	b69323100ffc79e1
M5_multi512_unfenced_full	persistent	O3	scatter_multi	4 2000 512	DSTATE_BUSY_STALL=1 DSTATE_EXEC_LATENCY=42 DSTATE_INIT_INTERVAL=4 DSTATE_QUEUE_DEPTH=8	true	per-cell oracle: CORRECT (512 cells)	0.036030	8271476	8214796	0	143	4096000	0	2b0a8206c5d2058c	abcd0a84489b7ef0	b69323100ffc79e1
M5_multi512_unfenced_full	remote	O3	scatter_multi	4 2000 512	DSTATE_BUSY_STALL=1 DSTATE_EXEC_LATENCY=42 DSTATE_INIT_INTERVAL=4 DSTATE_QUEUE_DEPTH=8	true	per-cell oracle: CORRECT (512 cells)	0.036030	8274027	8214787	0	143	4096000	0	2b0a8206c5d2058c	abcd0a84489b7ef0	b69323100ffc79e1
M6_multi2048_unfenced_full_l20	forced-nack	O3	scatter_multi	4 250 2048	DSTATE_BUSY_STALL=1 DSTATE_EXEC_LATENCY=20 DSTATE_INIT_INTERVAL=4 DSTATE_QUEUE_DEPTH=8	true	per-cell oracle: CORRECT (2048 cells)	0.020572	35495668	14894236	2048000	0	0	0	2b0a8206c5d2058c	abcd0a84489b7ef0	b69323100ffc79e1
M6_multi2048_unfenced_full_l20	local	O3	scatter_multi	4 250 2048	DSTATE_BUSY_STALL=1 DSTATE_EXEC_LATENCY=20 DSTATE_INIT_INTERVAL=4 DSTATE_QUEUE_DEPTH=8	true	per-cell oracle: CORRECT (2048 cells)	0.015196	31399696	10798240	0	0	0	0	2b0a8206c5d2058c	abcd0a84489b7ef0	b69323100ffc79e1
M6_multi2048_unfenced_full_l20	persistent	O3	scatter_multi	4 250 2048	DSTATE_BUSY_STALL=1 DSTATE_EXEC_LATENCY=20 DSTATE_INIT_INTERVAL=4 DSTATE_QUEUE_DEPTH=8	true	per-cell oracle: CORRECT (2048 cells)	0.012633	4247630	4141822	0	236	2048000	0	2b0a8206c5d2058c	abcd0a84489b7ef0	b69323100ffc79e1
M6_multi2048_unfenced_full_l20	remote	O3	scatter_multi	4 250 2048	DSTATE_BUSY_STALL=1 DSTATE_EXEC_LATENCY=20 DSTATE_INIT_INTERVAL=4 DSTATE_QUEUE_DEPTH=8	true	per-cell oracle: CORRECT (2048 cells)	0.012636	4262549	4141837	0	236	2048000	0	2b0a8206c5d2058c	abcd0a84489b7ef0	b69323100ffc79e1
M6_multi512_unfenced_full_l20	forced-nack	O3	scatter_multi	4 2000 512	DSTATE_BUSY_STALL=1 DSTATE_EXEC_LATENCY=20 DSTATE_INIT_INTERVAL=4 DSTATE_QUEUE_DEPTH=8	true	per-cell oracle: CORRECT (512 cells)	0.040638	70739233	29719201	4096000	0	0	0	2b0a8206c5d2058c	abcd0a84489b7ef0	b69323100ffc79e1
M6_multi512_unfenced_full_l20	local	O3	scatter_multi	4 2000 512	DSTATE_BUSY_STALL=1 DSTATE_EXEC_LATENCY=20 DSTATE_INIT_INTERVAL=4 DSTATE_QUEUE_DEPTH=8	true	per-cell oracle: CORRECT (512 cells)	0.029886	62547233	21527201	0	0	0	0	2b0a8206c5d2058c	abcd0a84489b7ef0	b69323100ffc79e1
M6_multi512_unfenced_full_l20	persistent	O3	scatter_multi	4 2000 512	DSTATE_BUSY_STALL=1 DSTATE_EXEC_LATENCY=20 DSTATE_INIT_INTERVAL=4 DSTATE_QUEUE_DEPTH=8	true	per-cell oracle: CORRECT (512 cells)	0.024765	8271511	8214807	0	220	4096000	0	2b0a8206c5d2058c	abcd0a84489b7ef0	b69323100ffc79e1
M6_multi512_unfenced_full_l20	remote	O3	scatter_multi	4 2000 512	DSTATE_BUSY_STALL=1 DSTATE_EXEC_LATENCY=20 DSTATE_INIT_INTERVAL=4 DSTATE_QUEUE_DEPTH=8	true	per-cell oracle: CORRECT (512 cells)	0.024766	8274095	8214807	0	220	4096000	0	2b0a8206c5d2058c	abcd0a84489b7ef0	b69323100ffc79e1
P0_phased512_v3T	local	O3	scatter_phased	4 50 512 8	DSTATE_BUSY_STALL=1 DSTATE_EXEC_LATENCY=20 DSTATE_INIT_INTERVAL=4 DSTATE_MERGE_LIMIT=64 DSTATE_QUEUE_DEPTH=16 DSTATE_QUEUE_STALL=1 DSTATE_REQ_COMBINE=16	true	per-cell oracle: CORRECT (512 cells, 8 phases) read_sink=14745600 expected=14745	0.005729	12873432	4440640	0	0	0	0	37f7bdbafd5c3c20	482c0322ab8cd023	1e8d7d6482f259d2
P0_phased512_v3T	persistent	O3	scatter_phased	4 50 512 8	DSTATE_BUSY_STALL=1 DSTATE_EXEC_LATENCY=20 DSTATE_INIT_INTERVAL=4 DSTATE_MERGE_LIMIT=64 DSTATE_QUEUE_DEPTH=16 DSTATE_QUEUE_STALL=1 DSTATE_REQ_COMBINE=16	true	per-cell oracle: CORRECT (512 cells, 8 phases) read_sink=14745600 expected=14745	0.004551	1984282	1764074	184	1	414148	404161	37f7bdbafd5c3c20	482c0322ab8cd023	1e8d7d6482f259d2
P0_phased512_v3T	remote	O3	scatter_phased	4 50 512 8	DSTATE_BUSY_STALL=1 DSTATE_EXEC_LATENCY=20 DSTATE_INIT_INTERVAL=4 DSTATE_MERGE_LIMIT=64 DSTATE_QUEUE_DEPTH=16 DSTATE_QUEUE_STALL=1 DSTATE_REQ_COMBINE=16	true	per-cell oracle: CORRECT (512 cells, 8 phases) read_sink=14745600 expected=14745	0.004596	2019263	1776735	183	1	414137	404169	37f7bdbafd5c3c20	482c0322ab8cd023	1e8d7d6482f259d2
P0_scatter_fenced_default	forced-nack	O3	scatter_dstate_fenced	4 2000 32	DSTATE_EXEC_LATENCY=42	true	checksum=8000 expected=8000 CORRECT	0.000250	99990	36734	3106	0	0	0	fa87ff8f802c9110	dd268bfae7e66e24	434bae796efe44d8
P0_scatter_fenced_default	local	O3	scatter_dstate_fenced	4 2000 32	DSTATE_EXEC_LATENCY=42	true	checksum=8000 expected=8000 CORRECT	0.000250	93962	30594	0	0	0	0	fa87ff8f802c9110	dd268bfae7e66e24	434bae796efe44d8
P0_scatter_fenced_default	persistent	O3	scatter_dstate_fenced	4 2000 32	DSTATE_EXEC_LATENCY=42	true	checksum=8000 expected=8000 CORRECT	0.000253	100421	36741	3088	0	77	0	fa87ff8f802c9110	dd268bfae7e66e24	434bae796efe44d8
P0_scatter_fenced_default	remote	O3	scatter_dstate_fenced	4 2000 32	DSTATE_EXEC_LATENCY=42	true	checksum=8000 expected=8000 CORRECT	0.000253	100421	36741	3088	0	77	0	fa87ff8f802c9110	dd268bfae7e66e24	434bae796efe44d8
P1_phased512_v3R	local	O3	scatter_phased	4 50 512 8	DSTATE_BUSY_STALL=1 DSTATE_EXEC_LATENCY=42 DSTATE_HIT_LATENCY=4 DSTATE_HOTWORDS=32 DSTATE_INIT_INTERVAL=4 DSTATE_MERGE_LIMIT=64 DSTATE_QUEUE_DEPTH=16 DSTATE_QUEUE_STALL=1 DSTATE_RELAXED_AMO=1 DSTATE_REQ_COMBINE=16	true	per-cell oracle: CORRECT (512 cells, 8 phases) read_sink=14745600 expected=14745	0.001727	11595778	4585962	0	0	0	0	37f7bdbafd5c3c20	482c0322ab8cd023	1e8d7d6482f259d2
P1_phased512_v3R	persistent	O3	scatter_phased	4 50 512 8	DSTATE_BUSY_STALL=1 DSTATE_EXEC_LATENCY=42 DSTATE_HIT_LATENCY=4 DSTATE_HOTWORDS=32 DSTATE_INIT_INTERVAL=4 DSTATE_MERGE_LIMIT=64 DSTATE_QUEUE_DEPTH=16 DSTATE_QUEUE_STALL=1 DSTATE_RELAXED_AMO=1 DSTATE_REQ_COMBINE=16	true	per-cell oracle: CORRECT (512 cells, 8 phases) read_sink=14745600 expected=14745	0.000644	1988062	1764566	121	3944	235625	582117	37f7bdbafd5c3c20	482c0322ab8cd023	1e8d7d6482f259d2
P1_phased512_v3R	remote	O3	scatter_phased	4 50 512 8	DSTATE_BUSY_STALL=1 DSTATE_EXEC_LATENCY=42 DSTATE_HIT_LATENCY=4 DSTATE_HOTWORDS=32 DSTATE_INIT_INTERVAL=4 DSTATE_MERGE_LIMIT=64 DSTATE_QUEUE_DEPTH=16 DSTATE_QUEUE_STALL=1 DSTATE_RELAXED_AMO=1 DSTATE_REQ_COMBINE=16	true	per-cell oracle: CORRECT (512 cells, 8 phases) read_sink=14745600 expected=14745	0.000689	2023978	1775610	36	10900	236028	582048	37f7bdbafd5c3c20	482c0322ab8cd023	1e8d7d6482f259d2
P2_phased32_v3R	local	O3	scatter_phased	4 5000 32 8	DSTATE_BUSY_STALL=1 DSTATE_EXEC_LATENCY=42 DSTATE_HIT_LATENCY=4 DSTATE_HOTWORDS=32 DSTATE_INIT_INTERVAL=4 DSTATE_MERGE_LIMIT=64 DSTATE_QUEUE_DEPTH=16 DSTATE_QUEUE_STALL=1 DSTATE_RELAXED_AMO=1 DSTATE_REQ_COMBINE=16	true	per-cell oracle: CORRECT (32 cells, 8 phases) read_sink=92160000 expected=921600	0.008357	66574397	25600317	0	0	0	0	37f7bdbafd5c3c20	482c0322ab8cd023	1e8d7d6482f259d2
P2_phased32_v3R	persistent	O3	scatter_phased	4 5000 32 8	DSTATE_BUSY_STALL=1 DSTATE_EXEC_LATENCY=42 DSTATE_HIT_LATENCY=4 DSTATE_HOTWORDS=32 DSTATE_INIT_INTERVAL=4 DSTATE_MERGE_LIMIT=64 DSTATE_QUEUE_DEPTH=16 DSTATE_QUEUE_STALL=1 DSTATE_RELAXED_AMO=1 DSTATE_REQ_COMBINE=16	true	per-cell oracle: CORRECT (32 cells, 8 phases) read_sink=92160000 expected=921600	0.001438	10324497	10265233	14	430269	2560321	2559400	37f7bdbafd5c3c20	482c0322ab8cd023	1e8d7d6482f259d2
P2_phased32_v3R	remote	O3	scatter_phased	4 5000 32 8	DSTATE_BUSY_STALL=1 DSTATE_EXEC_LATENCY=42 DSTATE_HIT_LATENCY=4 DSTATE_HOTWORDS=32 DSTATE_INIT_INTERVAL=4 DSTATE_MERGE_LIMIT=64 DSTATE_QUEUE_DEPTH=16 DSTATE_QUEUE_STALL=1 DSTATE_RELAXED_AMO=1 DSTATE_REQ_COMBINE=16	true	per-cell oracle: CORRECT (32 cells, 8 phases) read_sink=92160000 expected=921600	0.001440	10323035	10265363	14	928671	2559354	2559949	37f7bdbafd5c3c20	482c0322ab8cd023	1e8d7d6482f259d2
P2_scatter_unfenced_default	forced-nack	O3	scatter_dstate	4 2000 32	DSTATE_EXEC_LATENCY=42	true	checksum=8000 expected=8000 CORRECT	0.000210	83565	29053	2002	0	0	0	fa87ff8f802c9110	e22b2f08b42c2b88	434bae796efe44d8
P2_scatter_unfenced_default	local	O3	scatter_dstate	4 2000 32	DSTATE_EXEC_LATENCY=42	true	checksum=8000 expected=8000 CORRECT	0.000210	79469	25021	0	0	0	0	fa87ff8f802c9110	e22b2f08b42c2b88	434bae796efe44d8
P2_scatter_unfenced_default	persistent	O3	scatter_dstate	4 2000 32	DSTATE_EXEC_LATENCY=42	true	checksum=8000 expected=8000 CORRECT	0.000211	83474	29026	2002	0	1	0	fa87ff8f802c9110	e22b2f08b42c2b88	434bae796efe44d8
P2_scatter_unfenced_default	remote	O3	scatter_dstate	4 2000 32	DSTATE_EXEC_LATENCY=42	true	checksum=8000 expected=8000 CORRECT	0.000211	83474	29026	2002	0	1	0	fa87ff8f802c9110	e22b2f08b42c2b88	434bae796efe44d8
P3_phased512_default	local	O3	scatter_phased	4 50 512 8	DSTATE_EXEC_LATENCY=42	true	per-cell oracle: CORRECT (512 cells, 8 phases) read_sink=14745600 expected=14745	0.005729	12873432	4440640	0	0	0	0	37f7bdbafd5c3c20	482c0322ab8cd023	1e8d7d6482f259d2
P3_phased512_default	persistent	O3	scatter_phased	4 50 512 8	DSTATE_EXEC_LATENCY=42	true	per-cell oracle: CORRECT (512 cells, 8 phases) read_sink=14745600 expected=14745	0.007765	9695748	4156972	468927	0	349803	0	37f7bdbafd5c3c20	482c0322ab8cd023	1e8d7d6482f259d2
P3_phased512_default	remote	O3	scatter_phased	4 50 512 8	DSTATE_EXEC_LATENCY=42	true	per-cell oracle: CORRECT (512 cells, 8 phases) read_sink=14745600 expected=14745	0.007768	9725942	4167606	470333	0	348432	0	37f7bdbafd5c3c20	482c0322ab8cd023	1e8d7d6482f259d2
P3_scatter_unfenced_queue8	forced-nack	O3	scatter_dstate	4 2000 32	DSTATE_EXEC_LATENCY=42 DSTATE_QUEUE_DEPTH=8	true	checksum=8000 expected=8000 CORRECT	0.000210	83565	29053	2002	0	0	0	fa87ff8f802c9110	e22b2f08b42c2b88	434bae796efe44d8
P3_scatter_unfenced_queue8	local	O3	scatter_dstate	4 2000 32	DSTATE_EXEC_LATENCY=42 DSTATE_QUEUE_DEPTH=8	true	checksum=8000 expected=8000 CORRECT	0.000210	79469	25021	0	0	0	0	fa87ff8f802c9110	e22b2f08b42c2b88	434bae796efe44d8
P3_scatter_unfenced_queue8	persistent	O3	scatter_dstate	4 2000 32	DSTATE_EXEC_LATENCY=42 DSTATE_QUEUE_DEPTH=8	true	checksum=8000 expected=8000 CORRECT	0.000211	83474	29026	2002	0	1	0	fa87ff8f802c9110	e22b2f08b42c2b88	434bae796efe44d8
P3_scatter_unfenced_queue8	remote	O3	scatter_dstate	4 2000 32	DSTATE_EXEC_LATENCY=42 DSTATE_QUEUE_DEPTH=8	true	checksum=8000 expected=8000 CORRECT	0.000211	83474	29026	2002	0	1	0	fa87ff8f802c9110	e22b2f08b42c2b88	434bae796efe44d8
P4_phased512_16c_v3R	local	O3	scatter_phased	16 25 512 8	DSTATE_BUSY_STALL=1 DSTATE_EXEC_LATENCY=42 DSTATE_HIT_LATENCY=4 DSTATE_HOTWORDS=32 DSTATE_INIT_INTERVAL=4 DSTATE_MERGE_LIMIT=64 DSTATE_QUEUE_DEPTH=16 DSTATE_QUEUE_STALL=1 DSTATE_RELAXED_AMO=1 DSTATE_REQ_COMBINE=16	true	per-cell oracle: CORRECT (512 cells, 8 phases) read_sink=117964800 expected=1179	0.001238	22535902	8699006	0	0	0	0	37f7bdbafd5c3c20	482c0322ab8cd023	1e8d7d6482f259d2
P4_phased512_16c_v3R	persistent	O3	scatter_phased	16 25 512 8	DSTATE_BUSY_STALL=1 DSTATE_EXEC_LATENCY=42 DSTATE_HIT_LATENCY=4 DSTATE_HOTWORDS=32 DSTATE_INIT_INTERVAL=4 DSTATE_MERGE_LIMIT=64 DSTATE_QUEUE_DEPTH=16 DSTATE_QUEUE_STALL=1 DSTATE_RELAXED_AMO=1 DSTATE_REQ_COMBINE=16	true	per-cell oracle: CORRECT (512 cells, 8 phases) read_sink=117964800 expected=1179	0.000635	4413028	3717972	2060	85810	332246	1303227	37f7bdbafd5c3c20	482c0322ab8cd023	1e8d7d6482f259d2
P4_phased512_16c_v3R	remote	O3	scatter_phased	16 25 512 8	DSTATE_BUSY_STALL=1 DSTATE_EXEC_LATENCY=42 DSTATE_HIT_LATENCY=4 DSTATE_HOTWORDS=32 DSTATE_INIT_INTERVAL=4 DSTATE_MERGE_LIMIT=64 DSTATE_QUEUE_DEPTH=16 DSTATE_QUEUE_STALL=1 DSTATE_RELAXED_AMO=1 DSTATE_REQ_COMBINE=16	true	per-cell oracle: CORRECT (512 cells, 8 phases) read_sink=117964800 expected=1179	0.000952	4506015	3776071	2367	58718	769487	865493	37f7bdbafd5c3c20	482c0322ab8cd023	1e8d7d6482f259d2
P4_scatter_unfenced_pipe4	forced-nack	O3	scatter_dstate	4 2000 32	DSTATE_EXEC_LATENCY=42 DSTATE_INIT_INTERVAL=4 DSTATE_QUEUE_DEPTH=8	true	checksum=8000 expected=8000 CORRECT	0.000210	83565	29053	2002	0	0	0	fa87ff8f802c9110	e22b2f08b42c2b88	434bae796efe44d8
P4_scatter_unfenced_pipe4	local	O3	scatter_dstate	4 2000 32	DSTATE_EXEC_LATENCY=42 DSTATE_INIT_INTERVAL=4 DSTATE_QUEUE_DEPTH=8	true	checksum=8000 expected=8000 CORRECT	0.000210	79469	25021	0	0	0	0	fa87ff8f802c9110	e22b2f08b42c2b88	434bae796efe44d8
P4_scatter_unfenced_pipe4	persistent	O3	scatter_dstate	4 2000 32	DSTATE_EXEC_LATENCY=42 DSTATE_INIT_INTERVAL=4 DSTATE_QUEUE_DEPTH=8	true	checksum=8000 expected=8000 CORRECT	0.000211	83474	29026	2002	0	1	0	fa87ff8f802c9110	e22b2f08b42c2b88	434bae796efe44d8
P4_scatter_unfenced_pipe4	remote	O3	scatter_dstate	4 2000 32	DSTATE_EXEC_LATENCY=42 DSTATE_INIT_INTERVAL=4 DSTATE_QUEUE_DEPTH=8	true	checksum=8000 expected=8000 CORRECT	0.000211	83474	29026	2002	0	1	0	fa87ff8f802c9110	e22b2f08b42c2b88	434bae796efe44d8
P5_phased512_16c_v3T	local	O3	scatter_phased	16 25 512 8	DSTATE_BUSY_STALL=1 DSTATE_EXEC_LATENCY=20 DSTATE_INIT_INTERVAL=4 DSTATE_MERGE_LIMIT=64 DSTATE_QUEUE_DEPTH=16 DSTATE_QUEUE_STALL=1 DSTATE_REQ_COMBINE=16	false		0.000000	0	0	0	0	0	0	37f7bdbafd5c3c20	482c0322ab8cd023	1e8d7d6482f259d2
P5_phased512_16c_v3T	persistent	O3	scatter_phased	16 25 512 8	DSTATE_BUSY_STALL=1 DSTATE_EXEC_LATENCY=20 DSTATE_INIT_INTERVAL=4 DSTATE_MERGE_LIMIT=64 DSTATE_QUEUE_DEPTH=16 DSTATE_QUEUE_STALL=1 DSTATE_REQ_COMBINE=16	true	per-cell oracle: CORRECT (512 cells, 8 phases) read_sink=117964800 expected=1179	0.002519	4376252	3708700	330	81	284384	1353148	37f7bdbafd5c3c20	482c0322ab8cd023	1e8d7d6482f259d2
P5_phased512_16c_v3T	remote	O3	scatter_phased	16 25 512 8	DSTATE_BUSY_STALL=1 DSTATE_EXEC_LATENCY=20 DSTATE_INIT_INTERVAL=4 DSTATE_MERGE_LIMIT=64 DSTATE_QUEUE_DEPTH=16 DSTATE_QUEUE_STALL=1 DSTATE_REQ_COMBINE=16	false		0.000000	0	0	0	0	0	0	37f7bdbafd5c3c20	482c0322ab8cd023	1e8d7d6482f259d2
P5_scatter_unfenced_full	forced-nack	O3	scatter_dstate	4 2000 32	DSTATE_BUSY_STALL=1 DSTATE_EXEC_LATENCY=42 DSTATE_INIT_INTERVAL=4 DSTATE_QUEUE_DEPTH=8	true	checksum=8000 expected=8000 CORRECT	0.000210	83565	29053	2002	0	0	0	2b0a8206c5d2058c	e22b2f08b42c2b88	b69323100ffc79e1
P5_scatter_unfenced_full	local	O3	scatter_dstate	4 2000 32	DSTATE_BUSY_STALL=1 DSTATE_EXEC_LATENCY=42 DSTATE_INIT_INTERVAL=4 DSTATE_QUEUE_DEPTH=8	true	checksum=8000 expected=8000 CORRECT	0.000210	79469	25021	0	0	0	0	2b0a8206c5d2058c	e22b2f08b42c2b88	b69323100ffc79e1
P5_scatter_unfenced_full	persistent	O3	scatter_dstate	4 2000 32	DSTATE_BUSY_STALL=1 DSTATE_EXEC_LATENCY=42 DSTATE_INIT_INTERVAL=4 DSTATE_QUEUE_DEPTH=8	true	checksum=8000 expected=8000 CORRECT	0.000306	69486	31022	0	23988	8000	0	2b0a8206c5d2058c	e22b2f08b42c2b88	b69323100ffc79e1
P5_scatter_unfenced_full	remote	O3	scatter_dstate	4 2000 32	DSTATE_BUSY_STALL=1 DSTATE_EXEC_LATENCY=42 DSTATE_INIT_INTERVAL=4 DSTATE_QUEUE_DEPTH=8	true	checksum=8000 expected=8000 CORRECT	0.000306	69486	31022	0	23988	8000	0	2b0a8206c5d2058c	e22b2f08b42c2b88	b69323100ffc79e1
P6_scatter_unfenced_full_l20	forced-nack	O3	scatter_dstate	4 2000 32	DSTATE_BUSY_STALL=1 DSTATE_EXEC_LATENCY=20 DSTATE_INIT_INTERVAL=4 DSTATE_QUEUE_DEPTH=8	true	checksum=8000 expected=8000 CORRECT	0.000210	83565	29053	2002	0	0	0	2b0a8206c5d2058c	e22b2f08b42c2b88	b69323100ffc79e1
P6_scatter_unfenced_full_l20	local	O3	scatter_dstate	4 2000 32	DSTATE_BUSY_STALL=1 DSTATE_EXEC_LATENCY=20 DSTATE_INIT_INTERVAL=4 DSTATE_QUEUE_DEPTH=8	true	checksum=8000 expected=8000 CORRECT	0.000210	79469	25021	0	0	0	0	2b0a8206c5d2058c	e22b2f08b42c2b88	b69323100ffc79e1
P6_scatter_unfenced_full_l20	persistent	O3	scatter_dstate	4 2000 32	DSTATE_BUSY_STALL=1 DSTATE_EXEC_LATENCY=20 DSTATE_INIT_INTERVAL=4 DSTATE_QUEUE_DEPTH=8	true	checksum=8000 expected=8000 CORRECT	0.000218	69477	31021	0	15986	8000	0	2b0a8206c5d2058c	e22b2f08b42c2b88	b69323100ffc79e1
P6_scatter_unfenced_full_l20	remote	O3	scatter_dstate	4 2000 32	DSTATE_BUSY_STALL=1 DSTATE_EXEC_LATENCY=20 DSTATE_INIT_INTERVAL=4 DSTATE_QUEUE_DEPTH=8	true	checksum=8000 expected=8000 CORRECT	0.000218	69477	31021	0	15986	8000	0	2b0a8206c5d2058c	e22b2f08b42c2b88	b69323100ffc79e1
R0_rw_fenced_default	forced-nack	O3	scatter_rw_fenced	4 2000 32 8	DSTATE_EXEC_LATENCY=42	true	per-cell oracle: CORRECT read_sink=3987032	0.000310	124891	46843	3667	0	0	0	fa87ff8f802c9110	83a15d87b73769e9	434bae796efe44d8
R0_rw_fenced_default	local	O3	scatter_rw_fenced	4 2000 32 8	DSTATE_EXEC_LATENCY=42	true	per-cell oracle: CORRECT read_sink=3987011	0.000310	117557	39509	0	0	0	0	fa87ff8f802c9110	83a15d87b73769e9	434bae796efe44d8
R0_rw_fenced_default	persistent	O3	scatter_rw_fenced	4 2000 32 8	DSTATE_EXEC_LATENCY=42	true	per-cell oracle: CORRECT read_sink=3986331	0.000310	124913	46849	3625	0	2	0	fa87ff8f802c9110	83a15d87b73769e9	434bae796efe44d8
R0_rw_fenced_default	remote	O3	scatter_rw_fenced	4 2000 32 8	DSTATE_EXEC_LATENCY=42	true	per-cell oracle: CORRECT read_sink=3986331	0.000310	124913	46849	3625	0	2	0	fa87ff8f802c9110	83a15d87b73769e9	434bae796efe44d8
R5_rw_unfenced_full	forced-nack	O3	scatter_rw	4 2000 32 8	DSTATE_BUSY_STALL=1 DSTATE_EXEC_LATENCY=42 DSTATE_INIT_INTERVAL=4 DSTATE_QUEUE_DEPTH=8	true	per-cell oracle: CORRECT read_sink=3986799	0.000261	105814	37198	1612	0	0	0	2b0a8206c5d2058c	29cf92fe3819a24f	b69323100ffc79e1
R5_rw_unfenced_full	local	O3	scatter_rw	4 2000 32 8	DSTATE_BUSY_STALL=1 DSTATE_EXEC_LATENCY=42 DSTATE_INIT_INTERVAL=4 DSTATE_QUEUE_DEPTH=8	true	per-cell oracle: CORRECT read_sink=3986889	0.000260	100582	33086	0	0	0	0	2b0a8206c5d2058c	29cf92fe3819a24f	b69323100ffc79e1
R5_rw_unfenced_full	persistent	O3	scatter_rw	4 2000 32 8	DSTATE_BUSY_STALL=1 DSTATE_EXEC_LATENCY=42 DSTATE_INIT_INTERVAL=4 DSTATE_QUEUE_DEPTH=8	true	per-cell oracle: CORRECT read_sink=3988312	0.000320	93091	35731	274	13539	5319	0	2b0a8206c5d2058c	29cf92fe3819a24f	b69323100ffc79e1
R5_rw_unfenced_full	remote	O3	scatter_rw	4 2000 32 8	DSTATE_BUSY_STALL=1 DSTATE_EXEC_LATENCY=42 DSTATE_INIT_INTERVAL=4 DSTATE_QUEUE_DEPTH=8	true	per-cell oracle: CORRECT read_sink=3989464	0.000316	88286	35782	206	15923	5712	0	2b0a8206c5d2058c	29cf92fe3819a24f	b69323100ffc79e1
R6_rw_unfenced_full_l20	forced-nack	O3	scatter_rw	4 2000 32 8	DSTATE_BUSY_STALL=1 DSTATE_EXEC_LATENCY=20 DSTATE_INIT_INTERVAL=4 DSTATE_QUEUE_DEPTH=8	true	per-cell oracle: CORRECT read_sink=3986799	0.000261	105814	37198	1612	0	0	0	2b0a8206c5d2058c	29cf92fe3819a24f	b69323100ffc79e1
R6_rw_unfenced_full_l20	local	O3	scatter_rw	4 2000 32 8	DSTATE_BUSY_STALL=1 DSTATE_EXEC_LATENCY=20 DSTATE_INIT_INTERVAL=4 DSTATE_QUEUE_DEPTH=8	true	per-cell oracle: CORRECT read_sink=3986889	0.000260	100582	33086	0	0	0	0	2b0a8206c5d2058c	29cf92fe3819a24f	b69323100ffc79e1
R6_rw_unfenced_full_l20	persistent	O3	scatter_rw	4 2000 32 8	DSTATE_BUSY_STALL=1 DSTATE_EXEC_LATENCY=20 DSTATE_INIT_INTERVAL=4 DSTATE_QUEUE_DEPTH=8	true	per-cell oracle: CORRECT read_sink=3990222	0.000276	97732	37468	27	10363	5858	0	2b0a8206c5d2058c	29cf92fe3819a24f	b69323100ffc79e1
R6_rw_unfenced_full_l20	remote	O3	scatter_rw	4 2000 32 8	DSTATE_BUSY_STALL=1 DSTATE_EXEC_LATENCY=20 DSTATE_INIT_INTERVAL=4 DSTATE_QUEUE_DEPTH=8	true	per-cell oracle: CORRECT read_sink=3988764	0.000262	93502	36054	655	8053	4164	0	2b0a8206c5d2058c	29cf92fe3819a24f	b69323100ffc79e1
V0_multi512_default	forced-nack	O3	scatter_multi	4 2000 512	DSTATE_EXEC_LATENCY=42	true	per-cell oracle: CORRECT (512 cells)	0.037564	70739200	29719192	4096000	0	0	0	0e2386231ed6b31d	abcd0a84489b7ef0	d70eca1d7d748107
V0_multi512_default	local	O3	scatter_multi	4 2000 512	DSTATE_EXEC_LATENCY=42	true	per-cell oracle: CORRECT (512 cells)	0.027396	62547236	21527204	0	0	0	0	0e2386231ed6b31d	abcd0a84489b7ef0	d70eca1d7d748107
V0_multi512_default	persistent	O3	scatter_multi	4 2000 512	DSTATE_EXEC_LATENCY=42	true	per-cell oracle: CORRECT (512 cells)	0.037539	48292381	20759493	2481714	0	1614286	0	0e2386231ed6b31d	abcd0a84489b7ef0	d70eca1d7d748107
V0_multi512_default	remote	O3	scatter_multi	4 2000 512	DSTATE_EXEC_LATENCY=42	true	per-cell oracle: CORRECT (512 cells)	0.037539	48292685	20759493	2481714	0	1614286	0	0e2386231ed6b31d	abcd0a84489b7ef0	d70eca1d7d748107
V0_rw_default	forced-nack	O3	scatter_rw	4 2000 32 8	DSTATE_EXEC_LATENCY=42	true	per-cell oracle: CORRECT read_sink=3977784	0.000180	70893	22781	867	0	0	0	0e2386231ed6b31d	29cf92fe3819a24f	d70eca1d7d748107
V0_rw_default	local	O3	scatter_rw	4 2000 32 8	DSTATE_EXEC_LATENCY=42	true	per-cell oracle: CORRECT read_sink=3977843	0.000180	69113	21033	0	0	0	0	0e2386231ed6b31d	29cf92fe3819a24f	d70eca1d7d748107
V0_rw_default	persistent	O3	scatter_rw	4 2000 32 8	DSTATE_EXEC_LATENCY=42	false	per-cell oracle: CORRECT read_sink=3977784	0.000180	70893	22781	867	0	0	0	0e2386231ed6b31d	29cf92fe3819a24f	d70eca1d7d748107
V0_rw_default	remote	O3	scatter_rw	4 2000 32 8	DSTATE_EXEC_LATENCY=42	false	per-cell oracle: CORRECT read_sink=3977784	0.000180	70893	22781	867	0	0	0	0e2386231ed6b31d	29cf92fe3819a24f	d70eca1d7d748107
V0_scatter_default	forced-nack	O3	scatter_dstate	4 2000 32	DSTATE_EXEC_LATENCY=42	true	checksum=8000 expected=8000 CORRECT	0.000150	58128	17208	320	0	0	0	0e2386231ed6b31d	e22b2f08b42c2b88	d70eca1d7d748107
V0_scatter_default	local	O3	scatter_dstate	4 2000 32	DSTATE_EXEC_LATENCY=42	true	checksum=8000 expected=8000 CORRECT	0.000150	57684	16636	0	0	0	0	0e2386231ed6b31d	e22b2f08b42c2b88	d70eca1d7d748107
V0_scatter_default	persistent	O3	scatter_dstate	4 2000 32	DSTATE_EXEC_LATENCY=42	true	checksum=8000 expected=8000 CORRECT	0.000150	58216	17232	313	0	1	0	0e2386231ed6b31d	e22b2f08b42c2b88	d70eca1d7d748107
V0_scatter_default	remote	O3	scatter_dstate	4 2000 32	DSTATE_EXEC_LATENCY=42	true	checksum=8000 expected=8000 CORRECT	0.000150	58216	17232	313	0	1	0	0e2386231ed6b31d	e22b2f08b42c2b88	d70eca1d7d748107
V1_multi512_full_l20	forced-nack	O3	scatter_multi	4 2000 512	DSTATE_BUSY_STALL=1 DSTATE_EXEC_LATENCY=20 DSTATE_INIT_INTERVAL=4 DSTATE_QUEUE_DEPTH=8	true	per-cell oracle: CORRECT (512 cells)	0.037564	70739200	29719192	4096000	0	0	0	0e2386231ed6b31d	abcd0a84489b7ef0	d70eca1d7d748107
V1_multi512_full_l20	local	O3	scatter_multi	4 2000 512	DSTATE_BUSY_STALL=1 DSTATE_EXEC_LATENCY=20 DSTATE_INIT_INTERVAL=4 DSTATE_QUEUE_DEPTH=8	true	per-cell oracle: CORRECT (512 cells)	0.027396	62547236	21527204	0	0	0	0	0e2386231ed6b31d	abcd0a84489b7ef0	d70eca1d7d748107
V1_multi512_full_l20	persistent	O3	scatter_multi	4 2000 512	DSTATE_BUSY_STALL=1 DSTATE_EXEC_LATENCY=20 DSTATE_INIT_INTERVAL=4 DSTATE_QUEUE_DEPTH=8	true	per-cell oracle: CORRECT (512 cells)	0.021692	8271531	8214811	0	240	4096000	0	0e2386231ed6b31d	abcd0a84489b7ef0	d70eca1d7d748107
V1_multi512_full_l20	remote	O3	scatter_multi	4 2000 512	DSTATE_BUSY_STALL=1 DSTATE_EXEC_LATENCY=20 DSTATE_INIT_INTERVAL=4 DSTATE_QUEUE_DEPTH=8	true	per-cell oracle: CORRECT (512 cells)	0.021692	8274060	8214796	0	240	4096000	0	0e2386231ed6b31d	abcd0a84489b7ef0	d70eca1d7d748107
V1_rw_full_l20	forced-nack	O3	scatter_rw	4 2000 32 8	DSTATE_BUSY_STALL=1 DSTATE_EXEC_LATENCY=20 DSTATE_INIT_INTERVAL=4 DSTATE_QUEUE_DEPTH=8	true	per-cell oracle: CORRECT read_sink=3977784	0.000180	70893	22781	867	0	0	0	0e2386231ed6b31d	29cf92fe3819a24f	d70eca1d7d748107
V1_rw_full_l20	local	O3	scatter_rw	4 2000 32 8	DSTATE_BUSY_STALL=1 DSTATE_EXEC_LATENCY=20 DSTATE_INIT_INTERVAL=4 DSTATE_QUEUE_DEPTH=8	true	per-cell oracle: CORRECT read_sink=3977843	0.000180	69113	21033	0	0	0	0	0e2386231ed6b31d	29cf92fe3819a24f	d70eca1d7d748107
V1_rw_full_l20	persistent	O3	scatter_rw	4 2000 32 8	DSTATE_BUSY_STALL=1 DSTATE_EXEC_LATENCY=20 DSTATE_INIT_INTERVAL=4 DSTATE_QUEUE_DEPTH=8	true	per-cell oracle: CORRECT read_sink=3981091	0.000201	78136	25672	258	1872	472	0	0e2386231ed6b31d	29cf92fe3819a24f	d70eca1d7d748107
V1_rw_full_l20	remote	O3	scatter_rw	4 2000 32 8	DSTATE_BUSY_STALL=1 DSTATE_EXEC_LATENCY=20 DSTATE_INIT_INTERVAL=4 DSTATE_QUEUE_DEPTH=8	true	per-cell oracle: CORRECT read_sink=3981612	0.000200	77323	25515	293	1889	459	0	0e2386231ed6b31d	29cf92fe3819a24f	d70eca1d7d748107
V1_scatter_full_l20	forced-nack	O3	scatter_dstate	4 2000 32	DSTATE_BUSY_STALL=1 DSTATE_EXEC_LATENCY=20 DSTATE_INIT_INTERVAL=4 DSTATE_QUEUE_DEPTH=8	true	checksum=8000 expected=8000 CORRECT	0.000150	58128	17208	320	0	0	0	0e2386231ed6b31d	e22b2f08b42c2b88	d70eca1d7d748107
V1_scatter_full_l20	local	O3	scatter_dstate	4 2000 32	DSTATE_BUSY_STALL=1 DSTATE_EXEC_LATENCY=20 DSTATE_INIT_INTERVAL=4 DSTATE_QUEUE_DEPTH=8	true	checksum=8000 expected=8000 CORRECT	0.000150	57684	16636	0	0	0	0	0e2386231ed6b31d	e22b2f08b42c2b88	d70eca1d7d748107
V1_scatter_full_l20	persistent	O3	scatter_dstate	4 2000 32	DSTATE_BUSY_STALL=1 DSTATE_EXEC_LATENCY=20 DSTATE_INIT_INTERVAL=4 DSTATE_QUEUE_DEPTH=8	true	checksum=8000 expected=8000 CORRECT	0.000218	69379	30979	0	15986	8000	0	0e2386231ed6b31d	e22b2f08b42c2b88	d70eca1d7d748107
V1_scatter_full_l20	remote	O3	scatter_dstate	4 2000 32	DSTATE_BUSY_STALL=1 DSTATE_EXEC_LATENCY=20 DSTATE_INIT_INTERVAL=4 DSTATE_QUEUE_DEPTH=8	true	checksum=8000 expected=8000 CORRECT	0.000218	69379	30979	0	15986	8000	0	0e2386231ed6b31d	e22b2f08b42c2b88	d70eca1d7d748107
V2_multi512_hot	forced-nack	O3	scatter_multi	4 2000 512	DSTATE_BUSY_STALL=1 DSTATE_EXEC_LATENCY=42 DSTATE_HIT_LATENCY=4 DSTATE_HOTWORDS=8 DSTATE_INIT_INTERVAL=4 DSTATE_QUEUE_DEPTH=8	true	per-cell oracle: CORRECT (512 cells)	0.037564	70739200	29719192	4096000	0	0	0	0e2386231ed6b31d	abcd0a84489b7ef0	d70eca1d7d748107
V2_multi512_hot	local	O3	scatter_multi	4 2000 512	DSTATE_BUSY_STALL=1 DSTATE_EXEC_LATENCY=42 DSTATE_HIT_LATENCY=4 DSTATE_HOTWORDS=8 DSTATE_INIT_INTERVAL=4 DSTATE_QUEUE_DEPTH=8	true	per-cell oracle: CORRECT (512 cells)	0.027396	62547236	21527204	0	0	0	0	0e2386231ed6b31d	abcd0a84489b7ef0	d70eca1d7d748107
V2_multi512_hot	persistent	O3	scatter_multi	4 2000 512	DSTATE_BUSY_STALL=1 DSTATE_EXEC_LATENCY=42 DSTATE_HIT_LATENCY=4 DSTATE_HOTWORDS=8 DSTATE_INIT_INTERVAL=4 DSTATE_QUEUE_DEPTH=8	true	per-cell oracle: CORRECT (512 cells)	0.032955	8271359	8214695	0	3073027	4095953	0	0e2386231ed6b31d	abcd0a84489b7ef0	d70eca1d7d748107
V2_multi512_hot	remote	O3	scatter_multi	4 2000 512	DSTATE_BUSY_STALL=1 DSTATE_EXEC_LATENCY=42 DSTATE_HIT_LATENCY=4 DSTATE_HOTWORDS=8 DSTATE_INIT_INTERVAL=4 DSTATE_QUEUE_DEPTH=8	true	per-cell oracle: CORRECT (512 cells)	0.032955	8273968	8214704	0	3073027	4095953	0	0e2386231ed6b31d	abcd0a84489b7ef0	d70eca1d7d748107
V2_scatter_hot	forced-nack	O3	scatter_dstate	4 2000 32	DSTATE_BUSY_STALL=1 DSTATE_EXEC_LATENCY=42 DSTATE_HIT_LATENCY=4 DSTATE_HOTWORDS=8 DSTATE_INIT_INTERVAL=4 DSTATE_QUEUE_DEPTH=8	true	checksum=8000 expected=8000 CORRECT	0.000150	58128	17208	320	0	0	0	0e2386231ed6b31d	e22b2f08b42c2b88	d70eca1d7d748107
V2_scatter_hot	local	O3	scatter_dstate	4 2000 32	DSTATE_BUSY_STALL=1 DSTATE_EXEC_LATENCY=42 DSTATE_HIT_LATENCY=4 DSTATE_HOTWORDS=8 DSTATE_INIT_INTERVAL=4 DSTATE_QUEUE_DEPTH=8	true	checksum=8000 expected=8000 CORRECT	0.000150	57684	16636	0	0	0	0	0e2386231ed6b31d	e22b2f08b42c2b88	d70eca1d7d748107
V2_scatter_hot	persistent	O3	scatter_dstate	4 2000 32	DSTATE_BUSY_STALL=1 DSTATE_EXEC_LATENCY=42 DSTATE_HIT_LATENCY=4 DSTATE_HOTWORDS=8 DSTATE_INIT_INTERVAL=4 DSTATE_QUEUE_DEPTH=8	true	checksum=8000 expected=8000 CORRECT	0.000230	69447	31007	0	19991	8000	0	0e2386231ed6b31d	e22b2f08b42c2b88	d70eca1d7d748107
V2_scatter_hot	remote	O3	scatter_dstate	4 2000 32	DSTATE_BUSY_STALL=1 DSTATE_EXEC_LATENCY=42 DSTATE_HIT_LATENCY=4 DSTATE_HOTWORDS=8 DSTATE_INIT_INTERVAL=4 DSTATE_QUEUE_DEPTH=8	true	checksum=8000 expected=8000 CORRECT	0.000230	69447	31007	0	19991	8000	0	0e2386231ed6b31d	e22b2f08b42c2b88	d70eca1d7d748107
V3_multi512_hotmerge	forced-nack	O3	scatter_multi	4 2000 512	DSTATE_BUSY_STALL=1 DSTATE_EXEC_LATENCY=42 DSTATE_HIT_LATENCY=4 DSTATE_HOTWORDS=8 DSTATE_INIT_INTERVAL=4 DSTATE_MERGE_LIMIT=8 DSTATE_QUEUE_DEPTH=8	true	per-cell oracle: CORRECT (512 cells)	0.037564	70739200	29719192	4096000	0	0	0	0e2386231ed6b31d	abcd0a84489b7ef0	d70eca1d7d748107
V3_multi512_hotmerge	local	O3	scatter_multi	4 2000 512	DSTATE_BUSY_STALL=1 DSTATE_EXEC_LATENCY=42 DSTATE_HIT_LATENCY=4 DSTATE_HOTWORDS=8 DSTATE_INIT_INTERVAL=4 DSTATE_MERGE_LIMIT=8 DSTATE_QUEUE_DEPTH=8	true	per-cell oracle: CORRECT (512 cells)	0.027396	62547236	21527204	0	0	0	0	0e2386231ed6b31d	abcd0a84489b7ef0	d70eca1d7d748107
V3_multi512_hotmerge	persistent	O3	scatter_multi	4 2000 512	DSTATE_BUSY_STALL=1 DSTATE_EXEC_LATENCY=42 DSTATE_HIT_LATENCY=4 DSTATE_HOTWORDS=8 DSTATE_INIT_INTERVAL=4 DSTATE_MERGE_LIMIT=8 DSTATE_QUEUE_DEPTH=8	true	per-cell oracle: CORRECT (512 cells)	0.032955	8271395	8214707	0	0	2047581	2048372	0e2386231ed6b31d	abcd0a84489b7ef0	d70eca1d7d748107
V3_multi512_hotmerge	remote	O3	scatter_multi	4 2000 512	DSTATE_BUSY_STALL=1 DSTATE_EXEC_LATENCY=42 DSTATE_HIT_LATENCY=4 DSTATE_HOTWORDS=8 DSTATE_INIT_INTERVAL=4 DSTATE_MERGE_LIMIT=8 DSTATE_QUEUE_DEPTH=8	true	per-cell oracle: CORRECT (512 cells)	0.032955	8273979	8214707	0	0	2047581	2048372	0e2386231ed6b31d	abcd0a84489b7ef0	d70eca1d7d748107
V3_rw_hotmerge	forced-nack	O3	scatter_rw	4 2000 32 8	DSTATE_BUSY_STALL=1 DSTATE_EXEC_LATENCY=42 DSTATE_HIT_LATENCY=4 DSTATE_HOTWORDS=8 DSTATE_INIT_INTERVAL=4 DSTATE_MERGE_LIMIT=8 DSTATE_QUEUE_DEPTH=8	true	per-cell oracle: CORRECT read_sink=3977784	0.000180	70893	22781	867	0	0	0	0e2386231ed6b31d	29cf92fe3819a24f	d70eca1d7d748107
V3_rw_hotmerge	local	O3	scatter_rw	4 2000 32 8	DSTATE_BUSY_STALL=1 DSTATE_EXEC_LATENCY=42 DSTATE_HIT_LATENCY=4 DSTATE_HOTWORDS=8 DSTATE_INIT_INTERVAL=4 DSTATE_MERGE_LIMIT=8 DSTATE_QUEUE_DEPTH=8	true	per-cell oracle: CORRECT read_sink=3977843	0.000180	69113	21033	0	0	0	0	0e2386231ed6b31d	29cf92fe3819a24f	d70eca1d7d748107
V3_rw_hotmerge	persistent	O3	scatter_rw	4 2000 32 8	DSTATE_BUSY_STALL=1 DSTATE_EXEC_LATENCY=42 DSTATE_HIT_LATENCY=4 DSTATE_HOTWORDS=8 DSTATE_INIT_INTERVAL=4 DSTATE_MERGE_LIMIT=8 DSTATE_QUEUE_DEPTH=8	true	per-cell oracle: CORRECT read_sink=3979383	0.000209	79788	26164	71	1340	427	40	0e2386231ed6b31d	29cf92fe3819a24f	d70eca1d7d748107
V3_rw_hotmerge	remote	O3	scatter_rw	4 2000 32 8	DSTATE_BUSY_STALL=1 DSTATE_EXEC_LATENCY=42 DSTATE_HIT_LATENCY=4 DSTATE_HOTWORDS=8 DSTATE_INIT_INTERVAL=4 DSTATE_MERGE_LIMIT=8 DSTATE_QUEUE_DEPTH=8	true	per-cell oracle: CORRECT read_sink=3979477	0.000208	79394	26058	72	1294	409	50	0e2386231ed6b31d	29cf92fe3819a24f	d70eca1d7d748107
V3_scatter_hotmerge	forced-nack	O3	scatter_dstate	4 2000 32	DSTATE_BUSY_STALL=1 DSTATE_EXEC_LATENCY=42 DSTATE_HIT_LATENCY=4 DSTATE_HOTWORDS=8 DSTATE_INIT_INTERVAL=4 DSTATE_MERGE_LIMIT=8 DSTATE_QUEUE_DEPTH=8	true	checksum=8000 expected=8000 CORRECT	0.000150	58128	17208	320	0	0	0	0e2386231ed6b31d	e22b2f08b42c2b88	d70eca1d7d748107
V3_scatter_hotmerge	local	O3	scatter_dstate	4 2000 32	DSTATE_BUSY_STALL=1 DSTATE_EXEC_LATENCY=42 DSTATE_HIT_LATENCY=4 DSTATE_HOTWORDS=8 DSTATE_INIT_INTERVAL=4 DSTATE_MERGE_LIMIT=8 DSTATE_QUEUE_DEPTH=8	true	checksum=8000 expected=8000 CORRECT	0.000150	57684	16636	0	0	0	0	0e2386231ed6b31d	e22b2f08b42c2b88	d70eca1d7d748107
V3_scatter_hotmerge	persistent	O3	scatter_dstate	4 2000 32	DSTATE_BUSY_STALL=1 DSTATE_EXEC_LATENCY=42 DSTATE_HIT_LATENCY=4 DSTATE_HOTWORDS=8 DSTATE_INIT_INTERVAL=4 DSTATE_MERGE_LIMIT=8 DSTATE_QUEUE_DEPTH=8	true	checksum=8000 expected=8000 CORRECT	0.000230	69447	31007	0	19991	8000	0	0e2386231ed6b31d	e22b2f08b42c2b88	d70eca1d7d748107
V3_scatter_hotmerge	remote	O3	scatter_dstate	4 2000 32	DSTATE_BUSY_STALL=1 DSTATE_EXEC_LATENCY=42 DSTATE_HIT_LATENCY=4 DSTATE_HOTWORDS=8 DSTATE_INIT_INTERVAL=4 DSTATE_MERGE_LIMIT=8 DSTATE_QUEUE_DEPTH=8	true	checksum=8000 expected=8000 CORRECT	0.000230	69447	31007	0	19991	8000	0	0e2386231ed6b31d	e22b2f08b42c2b88	d70eca1d7d748107
V4_multi512_hotmerge_relaxed	forced-nack	O3	scatter_multi	4 2000 512	DSTATE_BUSY_STALL=1 DSTATE_EXEC_LATENCY=42 DSTATE_HIT_LATENCY=4 DSTATE_HOTWORDS=8 DSTATE_INIT_INTERVAL=4 DSTATE_MERGE_LIMIT=8 DSTATE_QUEUE_DEPTH=8 DSTATE_RELAXED_AMO=1	true	per-cell oracle: CORRECT (512 cells)	0.008201	64180005	30251685	4096000	0	0	0	0e2386231ed6b31d	abcd0a84489b7ef0	d70eca1d7d748107
V4_multi512_hotmerge_relaxed	local	O3	scatter_multi	4 2000 512	DSTATE_BUSY_STALL=1 DSTATE_EXEC_LATENCY=42 DSTATE_HIT_LATENCY=4 DSTATE_HOTWORDS=8 DSTATE_INIT_INTERVAL=4 DSTATE_MERGE_LIMIT=8 DSTATE_QUEUE_DEPTH=8 DSTATE_RELAXED_AMO=1	true	per-cell oracle: CORRECT (512 cells)	0.007378	55985927	22326015	0	0	0	0	0e2386231ed6b31d	abcd0a84489b7ef0	d70eca1d7d748107
V4_multi512_hotmerge_relaxed	persistent	O3	scatter_multi	4 2000 512	DSTATE_BUSY_STALL=1 DSTATE_EXEC_LATENCY=42 DSTATE_HIT_LATENCY=4 DSTATE_HOTWORDS=8 DSTATE_INIT_INTERVAL=4 DSTATE_MERGE_LIMIT=8 DSTATE_QUEUE_DEPTH=8 DSTATE_RELAXED_AMO=1	true	per-cell oracle: CORRECT (512 cells)	0.002321	10332166	8770854	110381	3380	2115436	1870183	0e2386231ed6b31d	abcd0a84489b7ef0	d70eca1d7d748107
V4_multi512_hotmerge_relaxed	remote	O3	scatter_multi	4 2000 512	DSTATE_BUSY_STALL=1 DSTATE_EXEC_LATENCY=42 DSTATE_HIT_LATENCY=4 DSTATE_HOTWORDS=8 DSTATE_INIT_INTERVAL=4 DSTATE_MERGE_LIMIT=8 DSTATE_QUEUE_DEPTH=8 DSTATE_RELAXED_AMO=1	true	per-cell oracle: CORRECT (512 cells)	0.002321	10334742	8770854	110381	3380	2115436	1870183	0e2386231ed6b31d	abcd0a84489b7ef0	d70eca1d7d748107
V4_rw_hotmerge_relaxed	forced-nack	O3	scatter_rw	4 2000 32 8	DSTATE_BUSY_STALL=1 DSTATE_EXEC_LATENCY=42 DSTATE_HIT_LATENCY=4 DSTATE_HOTWORDS=8 DSTATE_INIT_INTERVAL=4 DSTATE_MERGE_LIMIT=8 DSTATE_QUEUE_DEPTH=8 DSTATE_RELAXED_AMO=1	true	per-cell oracle: CORRECT read_sink=3976359	0.000173	68262	21990	991	0	0	0	0e2386231ed6b31d	29cf92fe3819a24f	d70eca1d7d748107
V4_rw_hotmerge_relaxed	local	O3	scatter_rw	4 2000 32 8	DSTATE_BUSY_STALL=1 DSTATE_EXEC_LATENCY=42 DSTATE_HIT_LATENCY=4 DSTATE_HOTWORDS=8 DSTATE_INIT_INTERVAL=4 DSTATE_MERGE_LIMIT=8 DSTATE_QUEUE_DEPTH=8 DSTATE_RELAXED_AMO=1	true	per-cell oracle: CORRECT read_sink=3976437	0.000174	66339	20027	0	0	0	0	0e2386231ed6b31d	29cf92fe3819a24f	d70eca1d7d748107
V4_rw_hotmerge_relaxed	persistent	O3	scatter_rw	4 2000 32 8	DSTATE_BUSY_STALL=1 DSTATE_EXEC_LATENCY=42 DSTATE_HIT_LATENCY=4 DSTATE_HOTWORDS=8 DSTATE_INIT_INTERVAL=4 DSTATE_MERGE_LIMIT=8 DSTATE_QUEUE_DEPTH=8 DSTATE_RELAXED_AMO=1	true	per-cell oracle: CORRECT read_sink=3986586	0.000280	86759	32535	236	7630	3923	392	0e2386231ed6b31d	29cf92fe3819a24f	d70eca1d7d748107
V4_rw_hotmerge_relaxed	remote	O3	scatter_rw	4 2000 32 8	DSTATE_BUSY_STALL=1 DSTATE_EXEC_LATENCY=42 DSTATE_HIT_LATENCY=4 DSTATE_HOTWORDS=8 DSTATE_INIT_INTERVAL=4 DSTATE_MERGE_LIMIT=8 DSTATE_QUEUE_DEPTH=8 DSTATE_RELAXED_AMO=1	true	per-cell oracle: CORRECT read_sink=3984372	0.000244	81599	30431	101	6139	2529	715	0e2386231ed6b31d	29cf92fe3819a24f	d70eca1d7d748107
V4_scatter_hotmerge_relaxed	forced-nack	O3	scatter_dstate	4 2000 32	DSTATE_BUSY_STALL=1 DSTATE_EXEC_LATENCY=42 DSTATE_HIT_LATENCY=4 DSTATE_HOTWORDS=8 DSTATE_INIT_INTERVAL=4 DSTATE_MERGE_LIMIT=8 DSTATE_QUEUE_DEPTH=8 DSTATE_RELAXED_AMO=1	true	checksum=8000 expected=8000 CORRECT	0.000149	57700	17004	286	0	0	0	0e2386231ed6b31d	e22b2f08b42c2b88	d70eca1d7d748107
V4_scatter_hotmerge_relaxed	local	O3	scatter_dstate	4 2000 32	DSTATE_BUSY_STALL=1 DSTATE_EXEC_LATENCY=42 DSTATE_HIT_LATENCY=4 DSTATE_HOTWORDS=8 DSTATE_INIT_INTERVAL=4 DSTATE_MERGE_LIMIT=8 DSTATE_QUEUE_DEPTH=8 DSTATE_RELAXED_AMO=1	true	checksum=8000 expected=8000 CORRECT	0.000149	57154	16442	0	0	0	0	0e2386231ed6b31d	e22b2f08b42c2b88	d70eca1d7d748107
V4_scatter_hotmerge_relaxed	persistent	O3	scatter_dstate	4 2000 32	DSTATE_BUSY_STALL=1 DSTATE_EXEC_LATENCY=42 DSTATE_HIT_LATENCY=4 DSTATE_HOTWORDS=8 DSTATE_INIT_INTERVAL=4 DSTATE_MERGE_LIMIT=8 DSTATE_QUEUE_DEPTH=8 DSTATE_RELAXED_AMO=1	true	checksum=8000 expected=8000 CORRECT	0.000230	69269	30949	0	19991	8000	0	0e2386231ed6b31d	e22b2f08b42c2b88	d70eca1d7d748107
V4_scatter_hotmerge_relaxed	remote	O3	scatter_dstate	4 2000 32	DSTATE_BUSY_STALL=1 DSTATE_EXEC_LATENCY=42 DSTATE_HIT_LATENCY=4 DSTATE_HOTWORDS=8 DSTATE_INIT_INTERVAL=4 DSTATE_MERGE_LIMIT=8 DSTATE_QUEUE_DEPTH=8 DSTATE_RELAXED_AMO=1	true	checksum=8000 expected=8000 CORRECT	0.000230	69269	30949	0	19991	8000	0	0e2386231ed6b31d	e22b2f08b42c2b88	d70eca1d7d748107
V5_rw_hotmerge_fromS	forced-nack	O3	scatter_rw	4 2000 32 8	DSTATE_BUSY_STALL=1 DSTATE_DELEGATE_FROM_S=1 DSTATE_EXEC_LATENCY=42 DSTATE_HIT_LATENCY=4 DSTATE_HOTWORDS=8 DSTATE_INIT_INTERVAL=4 DSTATE_MERGE_LIMIT=8 DSTATE_QUEUE_DEPTH=8	true	per-cell oracle: CORRECT read_sink=3977494	0.000180	71001	22921	904	0	0	0	0e2386231ed6b31d	29cf92fe3819a24f	d70eca1d7d748107
V5_rw_hotmerge_fromS	local	O3	scatter_rw	4 2000 32 8	DSTATE_BUSY_STALL=1 DSTATE_DELEGATE_FROM_S=1 DSTATE_EXEC_LATENCY=42 DSTATE_HIT_LATENCY=4 DSTATE_HOTWORDS=8 DSTATE_INIT_INTERVAL=4 DSTATE_MERGE_LIMIT=8 DSTATE_QUEUE_DEPTH=8	true	per-cell oracle: CORRECT read_sink=3977843	0.000180	69113	21033	0	0	0	0	0e2386231ed6b31d	29cf92fe3819a24f	d70eca1d7d748107
V5_rw_hotmerge_fromS	persistent	O3	scatter_rw	4 2000 32 8	DSTATE_BUSY_STALL=1 DSTATE_DELEGATE_FROM_S=1 DSTATE_EXEC_LATENCY=42 DSTATE_HIT_LATENCY=4 DSTATE_HOTWORDS=8 DSTATE_INIT_INTERVAL=4 DSTATE_MERGE_LIMIT=8 DSTATE_QUEUE_DEPTH=8	true	per-cell oracle: CORRECT read_sink=3981067	0.000243	90801	31585	552	3695	1131	140	0e2386231ed6b31d	29cf92fe3819a24f	d70eca1d7d748107
V5_rw_hotmerge_fromS	remote	O3	scatter_rw	4 2000 32 8	DSTATE_BUSY_STALL=1 DSTATE_DELEGATE_FROM_S=1 DSTATE_EXEC_LATENCY=42 DSTATE_HIT_LATENCY=4 DSTATE_HOTWORDS=8 DSTATE_INIT_INTERVAL=4 DSTATE_MERGE_LIMIT=8 DSTATE_QUEUE_DEPTH=8	true	per-cell oracle: CORRECT read_sink=3981170	0.000242	89200	31080	341	3741	1257	49	0e2386231ed6b31d	29cf92fe3819a24f	d70eca1d7d748107
W0_multi512_v3T	forced-nack	O3	scatter_multi	4 2000 512	DSTATE_BUSY_STALL=1 DSTATE_EXEC_LATENCY=20 DSTATE_INIT_INTERVAL=4 DSTATE_MERGE_LIMIT=64 DSTATE_QUEUE_DEPTH=16 DSTATE_QUEUE_STALL=1 DSTATE_REQ_COMBINE=16	true	per-cell oracle: CORRECT (512 cells)	0.037564	70739200	29719192	4096000	0	0	0	37f7bdbafd5c3c20	abcd0a84489b7ef0	1e8d7d6482f259d2
W0_multi512_v3T	local	O3	scatter_multi	4 2000 512	DSTATE_BUSY_STALL=1 DSTATE_EXEC_LATENCY=20 DSTATE_INIT_INTERVAL=4 DSTATE_MERGE_LIMIT=64 DSTATE_QUEUE_DEPTH=16 DSTATE_QUEUE_STALL=1 DSTATE_REQ_COMBINE=16	true	per-cell oracle: CORRECT (512 cells)	0.027396	62547236	21527204	0	0	0	0	37f7bdbafd5c3c20	abcd0a84489b7ef0	1e8d7d6482f259d2
W0_multi512_v3T	persistent	O3	scatter_multi	4 2000 512	DSTATE_BUSY_STALL=1 DSTATE_EXEC_LATENCY=20 DSTATE_INIT_INTERVAL=4 DSTATE_MERGE_LIMIT=64 DSTATE_QUEUE_DEPTH=16 DSTATE_QUEUE_STALL=1 DSTATE_REQ_COMBINE=16	true	per-cell oracle: CORRECT (512 cells)	0.021692	8271461	8214741	0	0	2048447	2047517	37f7bdbafd5c3c20	abcd0a84489b7ef0	1e8d7d6482f259d2
W0_multi512_v3T	remote	O3	scatter_multi	4 2000 512	DSTATE_BUSY_STALL=1 DSTATE_EXEC_LATENCY=20 DSTATE_INIT_INTERVAL=4 DSTATE_MERGE_LIMIT=64 DSTATE_QUEUE_DEPTH=16 DSTATE_QUEUE_STALL=1 DSTATE_REQ_COMBINE=16	true	per-cell oracle: CORRECT (512 cells)	0.021692	8273990	8214726	0	0	2048447	2047517	37f7bdbafd5c3c20	abcd0a84489b7ef0	1e8d7d6482f259d2
W1_multi512_hotmerge_relaxed_qstall	forced-nack	O3	scatter_multi	4 2000 512	DSTATE_BUSY_STALL=1 DSTATE_EXEC_LATENCY=42 DSTATE_HIT_LATENCY=4 DSTATE_HOTWORDS=8 DSTATE_INIT_INTERVAL=4 DSTATE_MERGE_LIMIT=8 DSTATE_QUEUE_DEPTH=8 DSTATE_QUEUE_STALL=1 DSTATE_RELAXED_AMO=1	true	per-cell oracle: CORRECT (512 cells)	0.008201	64180005	30251685	4096000	0	0	0	37f7bdbafd5c3c20	abcd0a84489b7ef0	1e8d7d6482f259d2
W1_multi512_hotmerge_relaxed_qstall	local	O3	scatter_multi	4 2000 512	DSTATE_BUSY_STALL=1 DSTATE_EXEC_LATENCY=42 DSTATE_HIT_LATENCY=4 DSTATE_HOTWORDS=8 DSTATE_INIT_INTERVAL=4 DSTATE_MERGE_LIMIT=8 DSTATE_QUEUE_DEPTH=8 DSTATE_QUEUE_STALL=1 DSTATE_RELAXED_AMO=1	true	per-cell oracle: CORRECT (512 cells)	0.007378	55985927	22326015	0	0	0	0	37f7bdbafd5c3c20	abcd0a84489b7ef0	1e8d7d6482f259d2
W1_multi512_hotmerge_relaxed_qstall	persistent	O3	scatter_multi	4 2000 512	DSTATE_BUSY_STALL=1 DSTATE_EXEC_LATENCY=42 DSTATE_HIT_LATENCY=4 DSTATE_HOTWORDS=8 DSTATE_INIT_INTERVAL=4 DSTATE_MERGE_LIMIT=8 DSTATE_QUEUE_DEPTH=8 DSTATE_QUEUE_STALL=1 DSTATE_RELAXED_AMO=1	true	per-cell oracle: CORRECT (512 cells)	0.002205	8271298	8214738	0	0	2048486	2047514	37f7bdbafd5c3c20	abcd0a84489b7ef0	1e8d7d6482f259d2
W1_multi512_hotmerge_relaxed_qstall	remote	O3	scatter_multi	4 2000 512	DSTATE_BUSY_STALL=1 DSTATE_EXEC_LATENCY=42 DSTATE_HIT_LATENCY=4 DSTATE_HOTWORDS=8 DSTATE_INIT_INTERVAL=4 DSTATE_MERGE_LIMIT=8 DSTATE_QUEUE_DEPTH=8 DSTATE_QUEUE_STALL=1 DSTATE_RELAXED_AMO=1	true	per-cell oracle: CORRECT (512 cells)	0.002205	8273984	8214768	0	0	2048486	2047514	37f7bdbafd5c3c20	abcd0a84489b7ef0	1e8d7d6482f259d2
W2_multi512_hotmerge_relaxed_combine	forced-nack	O3	scatter_multi	4 2000 512	DSTATE_BUSY_STALL=1 DSTATE_EXEC_LATENCY=42 DSTATE_HIT_LATENCY=4 DSTATE_HOTWORDS=8 DSTATE_INIT_INTERVAL=4 DSTATE_MERGE_LIMIT=8 DSTATE_QUEUE_DEPTH=16 DSTATE_RELAXED_AMO=1 DSTATE_REQ_COMBINE=16	true	per-cell oracle: CORRECT (512 cells)	0.008201	64180005	30251685	4096000	0	0	0	37f7bdbafd5c3c20	abcd0a84489b7ef0	1e8d7d6482f259d2
W2_multi512_hotmerge_relaxed_combine	local	O3	scatter_multi	4 2000 512	DSTATE_BUSY_STALL=1 DSTATE_EXEC_LATENCY=42 DSTATE_HIT_LATENCY=4 DSTATE_HOTWORDS=8 DSTATE_INIT_INTERVAL=4 DSTATE_MERGE_LIMIT=8 DSTATE_QUEUE_DEPTH=16 DSTATE_RELAXED_AMO=1 DSTATE_REQ_COMBINE=16	true	per-cell oracle: CORRECT (512 cells)	0.007378	55985927	22326015	0	0	0	0	37f7bdbafd5c3c20	abcd0a84489b7ef0	1e8d7d6482f259d2
W2_multi512_hotmerge_relaxed_combine	persistent	O3	scatter_multi	4 2000 512	DSTATE_BUSY_STALL=1 DSTATE_EXEC_LATENCY=42 DSTATE_HIT_LATENCY=4 DSTATE_HOTWORDS=8 DSTATE_INIT_INTERVAL=4 DSTATE_MERGE_LIMIT=8 DSTATE_QUEUE_DEPTH=16 DSTATE_RELAXED_AMO=1 DSTATE_REQ_COMBINE=16	true	per-cell oracle: CORRECT (512 cells)	0.002205	8271264	8214728	0	0	2048739	2047261	37f7bdbafd5c3c20	abcd0a84489b7ef0	1e8d7d6482f259d2
W2_multi512_hotmerge_relaxed_combine	remote	O3	scatter_multi	4 2000 512	DSTATE_BUSY_STALL=1 DSTATE_EXEC_LATENCY=42 DSTATE_HIT_LATENCY=4 DSTATE_HOTWORDS=8 DSTATE_INIT_INTERVAL=4 DSTATE_MERGE_LIMIT=8 DSTATE_QUEUE_DEPTH=16 DSTATE_RELAXED_AMO=1 DSTATE_REQ_COMBINE=16	true	per-cell oracle: CORRECT (512 cells)	0.002205	8273950	8214758	0	0	2048739	2047261	37f7bdbafd5c3c20	abcd0a84489b7ef0	1e8d7d6482f259d2
W3_multi512_v3R	forced-nack	O3	scatter_multi	4 2000 512	DSTATE_BUSY_STALL=1 DSTATE_EXEC_LATENCY=42 DSTATE_HIT_LATENCY=4 DSTATE_HOTWORDS=32 DSTATE_INIT_INTERVAL=4 DSTATE_MERGE_LIMIT=64 DSTATE_QUEUE_DEPTH=16 DSTATE_QUEUE_STALL=1 DSTATE_RELAXED_AMO=1 DSTATE_REQ_COMBINE=16	true	per-cell oracle: CORRECT (512 cells)	0.008201	64180005	30251685	4096000	0	0	0	37f7bdbafd5c3c20	abcd0a84489b7ef0	1e8d7d6482f259d2
W3_multi512_v3R	local	O3	scatter_multi	4 2000 512	DSTATE_BUSY_STALL=1 DSTATE_EXEC_LATENCY=42 DSTATE_HIT_LATENCY=4 DSTATE_HOTWORDS=32 DSTATE_INIT_INTERVAL=4 DSTATE_MERGE_LIMIT=64 DSTATE_QUEUE_DEPTH=16 DSTATE_QUEUE_STALL=1 DSTATE_RELAXED_AMO=1 DSTATE_REQ_COMBINE=16	true	per-cell oracle: CORRECT (512 cells)	0.007378	55985927	22326015	0	0	0	0	37f7bdbafd5c3c20	abcd0a84489b7ef0	1e8d7d6482f259d2
W3_multi512_v3R	persistent	O3	scatter_multi	4 2000 512	DSTATE_BUSY_STALL=1 DSTATE_EXEC_LATENCY=42 DSTATE_HIT_LATENCY=4 DSTATE_HOTWORDS=32 DSTATE_INIT_INTERVAL=4 DSTATE_MERGE_LIMIT=64 DSTATE_QUEUE_DEPTH=16 DSTATE_QUEUE_STALL=1 DSTATE_RELAXED_AMO=1 DSTATE_REQ_COMBINE=16	true	per-cell oracle: CORRECT (512 cells)	0.002205	8271250	8214722	0	3	2048135	2047865	37f7bdbafd5c3c20	abcd0a84489b7ef0	1e8d7d6482f259d2
W3_multi512_v3R	remote	O3	scatter_multi	4 2000 512	DSTATE_BUSY_STALL=1 DSTATE_EXEC_LATENCY=42 DSTATE_HIT_LATENCY=4 DSTATE_HOTWORDS=32 DSTATE_INIT_INTERVAL=4 DSTATE_MERGE_LIMIT=64 DSTATE_QUEUE_DEPTH=16 DSTATE_QUEUE_STALL=1 DSTATE_RELAXED_AMO=1 DSTATE_REQ_COMBINE=16	true	per-cell oracle: CORRECT (512 cells)	0.002205	8273961	8214761	0	3	2048135	2047865	37f7bdbafd5c3c20	abcd0a84489b7ef0	1e8d7d6482f259d2
X0_hotkey800k_v3TH	forced-nack	O3	scatter_dstate	4 200000 1	DSTATE_BUSY_STALL=1 DSTATE_EXEC_LATENCY=42 DSTATE_HIT_LATENCY=4 DSTATE_HOTWORDS=32 DSTATE_INIT_INTERVAL=4 DSTATE_MERGE_LIMIT=64 DSTATE_QUEUE_DEPTH=16 DSTATE_QUEUE_STALL=1 DSTATE_REQ_COMBINE=16	true	checksum=800000 expected=800000 CORRECT	0.001918	777034	352714	48245	0	0	0	37f7bdbafd5c3c20	e22b2f08b42c2b88	1e8d7d6482f259d2
X0_hotkey800k_v3TH	local	O3	scatter_dstate	4 200000 1	DSTATE_BUSY_STALL=1 DSTATE_EXEC_LATENCY=42 DSTATE_HIT_LATENCY=4 DSTATE_HOTWORDS=32 DSTATE_INIT_INTERVAL=4 DSTATE_MERGE_LIMIT=64 DSTATE_QUEUE_DEPTH=16 DSTATE_QUEUE_STALL=1 DSTATE_REQ_COMBINE=16	true	checksum=800000 expected=800000 CORRECT	0.001918	685375	258079	0	0	0	0	37f7bdbafd5c3c20	e22b2f08b42c2b88	1e8d7d6482f259d2
X0_hotkey800k_v3TH	persistent	O3	scatter_dstate	4 200000 1	DSTATE_BUSY_STALL=1 DSTATE_EXEC_LATENCY=42 DSTATE_HIT_LATENCY=4 DSTATE_HOTWORDS=32 DSTATE_INIT_INTERVAL=4 DSTATE_MERGE_LIMIT=64 DSTATE_QUEUE_DEPTH=16 DSTATE_QUEUE_STALL=1 DSTATE_REQ_COMBINE=16	true	checksum=800000 expected=800000 CORRECT	0.002738	1653390	1614998	0	2	400020	399980	37f7bdbafd5c3c20	e22b2f08b42c2b88	1e8d7d6482f259d2
X0_hotkey800k_v3TH	remote	O3	scatter_dstate	4 200000 1	DSTATE_BUSY_STALL=1 DSTATE_EXEC_LATENCY=42 DSTATE_HIT_LATENCY=4 DSTATE_HOTWORDS=32 DSTATE_INIT_INTERVAL=4 DSTATE_MERGE_LIMIT=64 DSTATE_QUEUE_DEPTH=16 DSTATE_QUEUE_STALL=1 DSTATE_REQ_COMBINE=16	true	checksum=800000 expected=800000 CORRECT	0.002738	1653390	1614998	0	2	400020	399980	37f7bdbafd5c3c20	e22b2f08b42c2b88	1e8d7d6482f259d2
X1_hotkey800k_v3R	forced-nack	O3	scatter_dstate	4 200000 1	DSTATE_BUSY_STALL=1 DSTATE_EXEC_LATENCY=42 DSTATE_HIT_LATENCY=4 DSTATE_HOTWORDS=32 DSTATE_INIT_INTERVAL=4 DSTATE_MERGE_LIMIT=64 DSTATE_QUEUE_DEPTH=16 DSTATE_QUEUE_STALL=1 DSTATE_RELAXED_AMO=1 DSTATE_REQ_COMBINE=16	true	checksum=800000 expected=800000 CORRECT	0.001918	777106	352746	48251	0	0	0	37f7bdbafd5c3c20	e22b2f08b42c2b88	1e8d7d6482f259d2
X1_hotkey800k_v3R	local	O3	scatter_dstate	4 200000 1	DSTATE_BUSY_STALL=1 DSTATE_EXEC_LATENCY=42 DSTATE_HIT_LATENCY=4 DSTATE_HOTWORDS=32 DSTATE_INIT_INTERVAL=4 DSTATE_MERGE_LIMIT=64 DSTATE_QUEUE_DEPTH=16 DSTATE_QUEUE_STALL=1 DSTATE_RELAXED_AMO=1 DSTATE_REQ_COMBINE=16	true	checksum=800000 expected=800000 CORRECT	0.001918	685375	258079	0	0	0	0	37f7bdbafd5c3c20	e22b2f08b42c2b88	1e8d7d6482f259d2
X1_hotkey800k_v3R	persistent	O3	scatter_dstate	4 200000 1	DSTATE_BUSY_STALL=1 DSTATE_EXEC_LATENCY=42 DSTATE_HIT_LATENCY=4 DSTATE_HOTWORDS=32 DSTATE_INIT_INTERVAL=4 DSTATE_MERGE_LIMIT=64 DSTATE_QUEUE_DEPTH=16 DSTATE_QUEUE_STALL=1 DSTATE_RELAXED_AMO=1 DSTATE_REQ_COMBINE=16	true	checksum=800000 expected=800000 CORRECT	0.001918	1143142	1104782	0	248	384651	160245	37f7bdbafd5c3c20	e22b2f08b42c2b88	1e8d7d6482f259d2
X1_hotkey800k_v3R	remote	O3	scatter_dstate	4 200000 1	DSTATE_BUSY_STALL=1 DSTATE_EXEC_LATENCY=42 DSTATE_HIT_LATENCY=4 DSTATE_HOTWORDS=32 DSTATE_INIT_INTERVAL=4 DSTATE_MERGE_LIMIT=64 DSTATE_QUEUE_DEPTH=16 DSTATE_QUEUE_STALL=1 DSTATE_RELAXED_AMO=1 DSTATE_REQ_COMBINE=16	true	checksum=800000 expected=800000 CORRECT	0.001918	1143142	1104782	0	248	384651	160245	37f7bdbafd5c3c20	e22b2f08b42c2b88	1e8d7d6482f259d2
X2_scatter800k_v3R	forced-nack	O3	scatter_dstate	4 200000 32	DSTATE_BUSY_STALL=1 DSTATE_EXEC_LATENCY=42 DSTATE_HIT_LATENCY=4 DSTATE_HOTWORDS=32 DSTATE_INIT_INTERVAL=4 DSTATE_MERGE_LIMIT=64 DSTATE_QUEUE_DEPTH=16 DSTATE_QUEUE_STALL=1 DSTATE_RELAXED_AMO=1 DSTATE_REQ_COMBINE=16	true	checksum=800000 expected=800000 CORRECT	0.001526	615876	277500	37499	0	0	0	37f7bdbafd5c3c20	e22b2f08b42c2b88	1e8d7d6482f259d2
X2_scatter800k_v3R	local	O3	scatter_dstate	4 200000 32	DSTATE_BUSY_STALL=1 DSTATE_EXEC_LATENCY=42 DSTATE_HIT_LATENCY=4 DSTATE_HOTWORDS=32 DSTATE_INIT_INTERVAL=4 DSTATE_MERGE_LIMIT=64 DSTATE_QUEUE_DEPTH=16 DSTATE_QUEUE_STALL=1 DSTATE_RELAXED_AMO=1 DSTATE_REQ_COMBINE=16	true	checksum=800000 expected=800000 CORRECT	0.001526	544666	203962	0	0	0	0	37f7bdbafd5c3c20	e22b2f08b42c2b88	1e8d7d6482f259d2
X2_scatter800k_v3R	persistent	O3	scatter_dstate	4 200000 32	DSTATE_BUSY_STALL=1 DSTATE_EXEC_LATENCY=42 DSTATE_HIT_LATENCY=4 DSTATE_HOTWORDS=32 DSTATE_INIT_INTERVAL=4 DSTATE_MERGE_LIMIT=64 DSTATE_QUEUE_DEPTH=16 DSTATE_QUEUE_STALL=1 DSTATE_RELAXED_AMO=1 DSTATE_REQ_COMBINE=16	true	checksum=800000 expected=800000 CORRECT	0.002639	1653308	1614972	0	91	600001	199999	37f7bdbafd5c3c20	e22b2f08b42c2b88	1e8d7d6482f259d2
X2_scatter800k_v3R	remote	O3	scatter_dstate	4 200000 32	DSTATE_BUSY_STALL=1 DSTATE_EXEC_LATENCY=42 DSTATE_HIT_LATENCY=4 DSTATE_HOTWORDS=32 DSTATE_INIT_INTERVAL=4 DSTATE_MERGE_LIMIT=64 DSTATE_QUEUE_DEPTH=16 DSTATE_QUEUE_STALL=1 DSTATE_RELAXED_AMO=1 DSTATE_REQ_COMBINE=16	true	checksum=800000 expected=800000 CORRECT	0.002639	1653308	1614972	0	91	600001	199999	37f7bdbafd5c3c20	e22b2f08b42c2b88	1e8d7d6482f259d2
X3_rw800k_v3T	forced-nack	O3	scatter_rw	4 200000 32 8	DSTATE_BUSY_STALL=1 DSTATE_EXEC_LATENCY=20 DSTATE_INIT_INTERVAL=4 DSTATE_MERGE_LIMIT=64 DSTATE_QUEUE_DEPTH=16 DSTATE_QUEUE_STALL=1 DSTATE_REQ_COMBINE=16	true	per-cell oracle: CORRECT read_sink=39997808179	0.004653	1872926	816966	90064	0	0	0	37f7bdbafd5c3c20	29cf92fe3819a24f	1e8d7d6482f259d2
X3_rw800k_v3T	local	O3	scatter_rw	4 200000 32 8	DSTATE_BUSY_STALL=1 DSTATE_EXEC_LATENCY=20 DSTATE_INIT_INTERVAL=4 DSTATE_MERGE_LIMIT=64 DSTATE_QUEUE_DEPTH=16 DSTATE_QUEUE_STALL=1 DSTATE_REQ_COMBINE=16	true	per-cell oracle: CORRECT read_sink=39997812571	0.004641	1699375	640215	0	0	0	0	37f7bdbafd5c3c20	29cf92fe3819a24f	1e8d7d6482f259d2
X3_rw800k_v3T	persistent	O3	scatter_rw	4 200000 32 8	DSTATE_BUSY_STALL=1 DSTATE_EXEC_LATENCY=20 DSTATE_INIT_INTERVAL=4 DSTATE_MERGE_LIMIT=64 DSTATE_QUEUE_DEPTH=16 DSTATE_QUEUE_STALL=1 DSTATE_REQ_COMBINE=16	true	per-cell oracle: CORRECT read_sink=39998322311	0.007505	2897010	1237354	28811	208482	57018	5395	37f7bdbafd5c3c20	29cf92fe3819a24f	1e8d7d6482f259d2
X3_rw800k_v3T	remote	O3	scatter_rw	4 200000 32 8	DSTATE_BUSY_STALL=1 DSTATE_EXEC_LATENCY=20 DSTATE_INIT_INTERVAL=4 DSTATE_MERGE_LIMIT=64 DSTATE_QUEUE_DEPTH=16 DSTATE_QUEUE_STALL=1 DSTATE_REQ_COMBINE=16	true	per-cell oracle: CORRECT read_sink=39998354124	0.007462	2855428	1229452	30468	210175	56911	5239	37f7bdbafd5c3c20	29cf92fe3819a24f	1e8d7d6482f259d2
X4_rw800k_v3R	forced-nack	O3	scatter_rw	4 200000 32 8	DSTATE_BUSY_STALL=1 DSTATE_EXEC_LATENCY=42 DSTATE_HIT_LATENCY=4 DSTATE_HOTWORDS=32 DSTATE_INIT_INTERVAL=4 DSTATE_MERGE_LIMIT=64 DSTATE_QUEUE_DEPTH=16 DSTATE_QUEUE_STALL=1 DSTATE_RELAXED_AMO=1 DSTATE_REQ_COMBINE=16	true	per-cell oracle: CORRECT read_sink=39997709088	0.004107	1688021	759589	97476	0	0	0	37f7bdbafd5c3c20	29cf92fe3819a24f	1e8d7d6482f259d2
X4_rw800k_v3R	local	O3	scatter_rw	4 200000 32 8	DSTATE_BUSY_STALL=1 DSTATE_EXEC_LATENCY=42 DSTATE_HIT_LATENCY=4 DSTATE_HOTWORDS=32 DSTATE_INIT_INTERVAL=4 DSTATE_MERGE_LIMIT=64 DSTATE_QUEUE_DEPTH=16 DSTATE_QUEUE_STALL=1 DSTATE_RELAXED_AMO=1 DSTATE_REQ_COMBINE=16	true	per-cell oracle: CORRECT read_sink=39997716914	0.004134	1506042	568970	0	0	0	0	37f7bdbafd5c3c20	29cf92fe3819a24f	1e8d7d6482f259d2
X4_rw800k_v3R	persistent	O3	scatter_rw	4 200000 32 8	DSTATE_BUSY_STALL=1 DSTATE_EXEC_LATENCY=42 DSTATE_HIT_LATENCY=4 DSTATE_HOTWORDS=32 DSTATE_INIT_INTERVAL=4 DSTATE_MERGE_LIMIT=64 DSTATE_QUEUE_DEPTH=16 DSTATE_QUEUE_STALL=1 DSTATE_RELAXED_AMO=1 DSTATE_REQ_COMBINE=16	true	per-cell oracle: CORRECT read_sink=39998732119	0.013389	3692059	1770763	23925	539121	285709	35953	37f7bdbafd5c3c20	29cf92fe3819a24f	1e8d7d6482f259d2
X4_rw800k_v3R	remote	O3	scatter_rw	4 200000 32 8	DSTATE_BUSY_STALL=1 DSTATE_EXEC_LATENCY=42 DSTATE_HIT_LATENCY=4 DSTATE_HOTWORDS=32 DSTATE_INIT_INTERVAL=4 DSTATE_MERGE_LIMIT=64 DSTATE_QUEUE_DEPTH=16 DSTATE_QUEUE_STALL=1 DSTATE_RELAXED_AMO=1 DSTATE_REQ_COMBINE=16	true	per-cell oracle: CORRECT read_sink=39998712768	0.011884	3308712	1655824	32179	495111	237842	33328	37f7bdbafd5c3c20	29cf92fe3819a24f	1e8d7d6482f259d2
X5_hotkey800k_v3R_combine64	forced-nack	O3	scatter_dstate	4 200000 1	DSTATE_BUSY_STALL=1 DSTATE_EXEC_LATENCY=42 DSTATE_HIT_LATENCY=4 DSTATE_HOTWORDS=32 DSTATE_INIT_INTERVAL=4 DSTATE_MERGE_LIMIT=64 DSTATE_QUEUE_DEPTH=16 DSTATE_QUEUE_STALL=1 DSTATE_RELAXED_AMO=1 DSTATE_REQ_COMBINE=64	true	checksum=800000 expected=800000 CORRECT	0.001918	777106	352746	48251	0	0	0	37f7bdbafd5c3c20	e22b2f08b42c2b88	1e8d7d6482f259d2
X5_hotkey800k_v3R_combine64	local	O3	scatter_dstate	4 200000 1	DSTATE_BUSY_STALL=1 DSTATE_EXEC_LATENCY=42 DSTATE_HIT_LATENCY=4 DSTATE_HOTWORDS=32 DSTATE_INIT_INTERVAL=4 DSTATE_MERGE_LIMIT=64 DSTATE_QUEUE_DEPTH=16 DSTATE_QUEUE_STALL=1 DSTATE_RELAXED_AMO=1 DSTATE_REQ_COMBINE=64	true	checksum=800000 expected=800000 CORRECT	0.001918	685375	258079	0	0	0	0	37f7bdbafd5c3c20	e22b2f08b42c2b88	1e8d7d6482f259d2
X5_hotkey800k_v3R_combine64	persistent	O3	scatter_dstate	4 200000 1	DSTATE_BUSY_STALL=1 DSTATE_EXEC_LATENCY=42 DSTATE_HIT_LATENCY=4 DSTATE_HOTWORDS=32 DSTATE_INIT_INTERVAL=4 DSTATE_MERGE_LIMIT=64 DSTATE_QUEUE_DEPTH=16 DSTATE_QUEUE_STALL=1 DSTATE_RELAXED_AMO=1 DSTATE_REQ_COMBINE=64	true	checksum=800000 expected=800000 CORRECT	0.001918	1143142	1104782	0	248	384651	160245	37f7bdbafd5c3c20	e22b2f08b42c2b88	1e8d7d6482f259d2
X5_hotkey800k_v3R_combine64	remote	O3	scatter_dstate	4 200000 1	DSTATE_BUSY_STALL=1 DSTATE_EXEC_LATENCY=42 DSTATE_HIT_LATENCY=4 DSTATE_HOTWORDS=32 DSTATE_INIT_INTERVAL=4 DSTATE_MERGE_LIMIT=64 DSTATE_QUEUE_DEPTH=16 DSTATE_QUEUE_STALL=1 DSTATE_RELAXED_AMO=1 DSTATE_REQ_COMBINE=64	true	checksum=800000 expected=800000 CORRECT	0.001918	1143142	1104782	0	248	384651	160245	37f7bdbafd5c3c20	e22b2f08b42c2b88	1e8d7d6482f259d2
Y0_multi2048_v3T	local	O3	scatter_multi	4 500 2048	DSTATE_BUSY_STALL=1 DSTATE_EXEC_LATENCY=20 DSTATE_INIT_INTERVAL=4 DSTATE_MERGE_LIMIT=64 DSTATE_QUEUE_DEPTH=16 DSTATE_QUEUE_STALL=1 DSTATE_REQ_COMBINE=16	true	per-cell oracle: CORRECT (2048 cells)	0.027583	62631725	21550245	0	0	0	0	37f7bdbafd5c3c20	abcd0a84489b7ef0	1e8d7d6482f259d2
Y0_multi2048_v3T	persistent	O3	scatter_multi	4 500 2048	DSTATE_BUSY_STALL=1 DSTATE_EXEC_LATENCY=20 DSTATE_INIT_INTERVAL=4 DSTATE_MERGE_LIMIT=64 DSTATE_QUEUE_DEPTH=16 DSTATE_QUEUE_STALL=1 DSTATE_REQ_COMBINE=16	true	per-cell oracle: CORRECT (2048 cells)	0.021849	8343597	8237765	0	0	2049953	2046011	37f7bdbafd5c3c20	abcd0a84489b7ef0	1e8d7d6482f259d2
Y0_multi2048_v3T	remote	O3	scatter_multi	4 500 2048	DSTATE_BUSY_STALL=1 DSTATE_EXEC_LATENCY=20 DSTATE_INIT_INTERVAL=4 DSTATE_MERGE_LIMIT=64 DSTATE_QUEUE_DEPTH=16 DSTATE_QUEUE_STALL=1 DSTATE_REQ_COMBINE=16	true	per-cell oracle: CORRECT (2048 cells)	0.021852	8358469	8237765	0	0	2049953	2046011	37f7bdbafd5c3c20	abcd0a84489b7ef0	1e8d7d6482f259d2
Y1_multi2048_v3R	local	O3	scatter_multi	4 500 2048	DSTATE_BUSY_STALL=1 DSTATE_EXEC_LATENCY=42 DSTATE_HIT_LATENCY=4 DSTATE_HOTWORDS=32 DSTATE_INIT_INTERVAL=4 DSTATE_MERGE_LIMIT=64 DSTATE_QUEUE_DEPTH=16 DSTATE_QUEUE_STALL=1 DSTATE_RELAXED_AMO=1 DSTATE_REQ_COMBINE=16	true	per-cell oracle: CORRECT (2048 cells)	0.007773	66087197	23346741	0	0	0	0	37f7bdbafd5c3c20	abcd0a84489b7ef0	1e8d7d6482f259d2
Y1_multi2048_v3R	persistent	O3	scatter_multi	4 500 2048	DSTATE_BUSY_STALL=1 DSTATE_EXEC_LATENCY=42 DSTATE_HIT_LATENCY=4 DSTATE_HOTWORDS=32 DSTATE_INIT_INTERVAL=4 DSTATE_MERGE_LIMIT=64 DSTATE_QUEUE_DEPTH=16 DSTATE_QUEUE_STALL=1 DSTATE_RELAXED_AMO=1 DSTATE_REQ_COMBINE=16	true	per-cell oracle: CORRECT (2048 cells)	0.002361	8343601	8237817	0	1	2048116	2047884	37f7bdbafd5c3c20	abcd0a84489b7ef0	1e8d7d6482f259d2
Y1_multi2048_v3R	remote	O3	scatter_multi	4 500 2048	DSTATE_BUSY_STALL=1 DSTATE_EXEC_LATENCY=42 DSTATE_HIT_LATENCY=4 DSTATE_HOTWORDS=32 DSTATE_INIT_INTERVAL=4 DSTATE_MERGE_LIMIT=64 DSTATE_QUEUE_DEPTH=16 DSTATE_QUEUE_STALL=1 DSTATE_RELAXED_AMO=1 DSTATE_REQ_COMBINE=16	true	per-cell oracle: CORRECT (2048 cells)	0.002364	8358473	8237817	0	1	2048116	2047884	37f7bdbafd5c3c20	abcd0a84489b7ef0	1e8d7d6482f259d2
Y2_multi8192_v3T	local	O3	scatter_multi	4 125 8192	DSTATE_BUSY_STALL=1 DSTATE_EXEC_LATENCY=20 DSTATE_INIT_INTERVAL=4 DSTATE_MERGE_LIMIT=64 DSTATE_QUEUE_DEPTH=16 DSTATE_QUEUE_STALL=1 DSTATE_REQ_COMBINE=16	true	per-cell oracle: CORRECT (8192 cells)	0.028219	63009068	21653124	0	0	0	0	37f7bdbafd5c3c20	abcd0a84489b7ef0	1e8d7d6482f259d2
Y2_multi8192_v3T	persistent	O3	scatter_multi	4 125 8192	DSTATE_BUSY_STALL=1 DSTATE_EXEC_LATENCY=20 DSTATE_INIT_INTERVAL=4 DSTATE_MERGE_LIMIT=64 DSTATE_QUEUE_DEPTH=16 DSTATE_QUEUE_STALL=1 DSTATE_REQ_COMBINE=16	true	per-cell oracle: CORRECT (8192 cells)	0.022741	9513549	8661365	64124	4008	4031876	0	37f7bdbafd5c3c20	abcd0a84489b7ef0	1e8d7d6482f259d2
Y2_multi8192_v3T	remote	O3	scatter_multi	4 125 8192	DSTATE_BUSY_STALL=1 DSTATE_EXEC_LATENCY=20 DSTATE_INIT_INTERVAL=4 DSTATE_MERGE_LIMIT=64 DSTATE_QUEUE_DEPTH=16 DSTATE_QUEUE_STALL=1 DSTATE_REQ_COMBINE=16	true	per-cell oracle: CORRECT (8192 cells)	0.022755	9574998	8661326	64124	4008	4031876	0	37f7bdbafd5c3c20	abcd0a84489b7ef0	1e8d7d6482f259d2
Y3_multi8192_v3R	local	O3	scatter_multi	4 125 8192	DSTATE_BUSY_STALL=1 DSTATE_EXEC_LATENCY=42 DSTATE_HIT_LATENCY=4 DSTATE_HOTWORDS=32 DSTATE_INIT_INTERVAL=4 DSTATE_MERGE_LIMIT=64 DSTATE_QUEUE_DEPTH=16 DSTATE_QUEUE_STALL=1 DSTATE_RELAXED_AMO=1 DSTATE_REQ_COMBINE=16	true	per-cell oracle: CORRECT (8192 cells)	0.008936	74701451	26213371	0	0	0	0	37f7bdbafd5c3c20	abcd0a84489b7ef0	1e8d7d6482f259d2
Y3_multi8192_v3R	persistent	O3	scatter_multi	4 125 8192	DSTATE_BUSY_STALL=1 DSTATE_EXEC_LATENCY=42 DSTATE_HIT_LATENCY=4 DSTATE_HOTWORDS=32 DSTATE_INIT_INTERVAL=4 DSTATE_MERGE_LIMIT=64 DSTATE_QUEUE_DEPTH=16 DSTATE_QUEUE_STALL=1 DSTATE_RELAXED_AMO=1 DSTATE_REQ_COMBINE=16	true	per-cell oracle: CORRECT (8192 cells)	0.003010	9294753	8559929	49698	135167	1419499	2612389	37f7bdbafd5c3c20	abcd0a84489b7ef0	1e8d7d6482f259d2
Y3_multi8192_v3R	remote	O3	scatter_multi	4 125 8192	DSTATE_BUSY_STALL=1 DSTATE_EXEC_LATENCY=42 DSTATE_HIT_LATENCY=4 DSTATE_HOTWORDS=32 DSTATE_INIT_INTERVAL=4 DSTATE_MERGE_LIMIT=64 DSTATE_QUEUE_DEPTH=16 DSTATE_QUEUE_STALL=1 DSTATE_RELAXED_AMO=1 DSTATE_REQ_COMBINE=16	true	per-cell oracle: CORRECT (8192 cells)	0.003024	9356686	8559902	49698	135167	1419499	2612389	37f7bdbafd5c3c20	abcd0a84489b7ef0	1e8d7d6482f259d2
Z0_multi512_8c_v3T	local	O3	scatter_multi	8 1000 512	DSTATE_BUSY_STALL=1 DSTATE_EXEC_LATENCY=20 DSTATE_INIT_INTERVAL=4 DSTATE_MERGE_LIMIT=64 DSTATE_QUEUE_DEPTH=16 DSTATE_QUEUE_STALL=1 DSTATE_REQ_COMBINE=16	true	per-cell oracle: CORRECT (512 cells)	0.013784	57947277	21018213	0	0	0	0	37f7bdbafd5c3c20	abcd0a84489b7ef0	1e8d7d6482f259d2
Z0_multi512_8c_v3T	persistent	O3	scatter_multi	8 1000 512	DSTATE_BUSY_STALL=1 DSTATE_EXEC_LATENCY=20 DSTATE_INIT_INTERVAL=4 DSTATE_MERGE_LIMIT=64 DSTATE_QUEUE_DEPTH=16 DSTATE_QUEUE_STALL=1 DSTATE_REQ_COMBINE=16	true	per-cell oracle: CORRECT (512 cells)	0.010947	8280600	8217768	0	30	1025762	3070211	37f7bdbafd5c3c20	abcd0a84489b7ef0	1e8d7d6482f259d2
Z0_multi512_8c_v3T	remote	O3	scatter_multi	8 1000 512	DSTATE_BUSY_STALL=1 DSTATE_EXEC_LATENCY=20 DSTATE_INIT_INTERVAL=4 DSTATE_MERGE_LIMIT=64 DSTATE_QUEUE_DEPTH=16 DSTATE_QUEUE_STALL=1 DSTATE_REQ_COMBINE=16	true	per-cell oracle: CORRECT (512 cells)	0.010947	8283129	8217753	0	30	1025762	3070211	37f7bdbafd5c3c20	abcd0a84489b7ef0	1e8d7d6482f259d2
Z10_phased512_16c_v3T	local	O3	scatter_phased	16 25 512 8	DSTATE_BUFFER_SIZE=256 DSTATE_BUSY_STALL=1 DSTATE_EXEC_LATENCY=20 DSTATE_INIT_INTERVAL=4 DSTATE_MERGE_LIMIT=64 DSTATE_QUEUE_DEPTH=16 DSTATE_QUEUE_STALL=1 DSTATE_REQ_COMBINE=16	true	per-cell oracle: CORRECT (512 cells, 8 phases) read_sink=117964800 expected=1179	0.003294	23418106	8799818	0	0	0	0	37f7bdbafd5c3c20	482c0322ab8cd023	1e8d7d6482f259d2
Z10_phased512_16c_v3T	persistent	O3	scatter_phased	16 25 512 8	DSTATE_BUFFER_SIZE=256 DSTATE_BUSY_STALL=1 DSTATE_EXEC_LATENCY=20 DSTATE_INIT_INTERVAL=4 DSTATE_MERGE_LIMIT=64 DSTATE_QUEUE_DEPTH=16 DSTATE_QUEUE_STALL=1 DSTATE_REQ_COMBINE=16	true	per-cell oracle: CORRECT (512 cells, 8 phases) read_sink=117964800 expected=1179	0.002519	4377583	3709247	330	100	272172	1365360	37f7bdbafd5c3c20	482c0322ab8cd023	1e8d7d6482f259d2
Z10_phased512_16c_v3T	remote	O3	scatter_phased	16 25 512 8	DSTATE_BUFFER_SIZE=256 DSTATE_BUSY_STALL=1 DSTATE_EXEC_LATENCY=20 DSTATE_INIT_INTERVAL=4 DSTATE_MERGE_LIMIT=64 DSTATE_QUEUE_DEPTH=16 DSTATE_QUEUE_STALL=1 DSTATE_REQ_COMBINE=16	true	per-cell oracle: CORRECT (512 cells, 8 phases) read_sink=117964800 expected=1179	0.002724	4462416	3769872	330	102	272104	1365428	37f7bdbafd5c3c20	482c0322ab8cd023	1e8d7d6482f259d2
Z11_phased512_16c_v3R	local	O3	scatter_phased	16 25 512 8	DSTATE_BUFFER_SIZE=256 DSTATE_BUSY_STALL=1 DSTATE_EXEC_LATENCY=42 DSTATE_HIT_LATENCY=4 DSTATE_HOTWORDS=32 DSTATE_INIT_INTERVAL=4 DSTATE_MERGE_LIMIT=64 DSTATE_QUEUE_DEPTH=16 DSTATE_QUEUE_STALL=1 DSTATE_RELAXED_AMO=1 DSTATE_REQ_COMBINE=16	true	per-cell oracle: CORRECT (512 cells, 8 phases) read_sink=117964800 expected=1179	0.001376	22836778	8855954	0	0	0	0	37f7bdbafd5c3c20	482c0322ab8cd023	1e8d7d6482f259d2
Z11_phased512_16c_v3R	persistent	O3	scatter_phased	16 25 512 8	DSTATE_BUFFER_SIZE=256 DSTATE_BUSY_STALL=1 DSTATE_EXEC_LATENCY=42 DSTATE_HIT_LATENCY=4 DSTATE_HOTWORDS=32 DSTATE_INIT_INTERVAL=4 DSTATE_MERGE_LIMIT=64 DSTATE_QUEUE_DEPTH=16 DSTATE_QUEUE_STALL=1 DSTATE_RELAXED_AMO=1 DSTATE_REQ_COMBINE=16	true	per-cell oracle: CORRECT (512 cells, 8 phases) read_sink=117964800 expected=1179	0.000634	4414989	3718661	2126	85885	360778	1274624	37f7bdbafd5c3c20	482c0322ab8cd023	1e8d7d6482f259d2
Z11_phased512_16c_v3R	remote	O3	scatter_phased	16 25 512 8	DSTATE_BUFFER_SIZE=256 DSTATE_BUSY_STALL=1 DSTATE_EXEC_LATENCY=42 DSTATE_HIT_LATENCY=4 DSTATE_HOTWORDS=32 DSTATE_INIT_INTERVAL=4 DSTATE_MERGE_LIMIT=64 DSTATE_QUEUE_DEPTH=16 DSTATE_QUEUE_STALL=1 DSTATE_RELAXED_AMO=1 DSTATE_REQ_COMBINE=16	true	per-cell oracle: CORRECT (512 cells, 8 phases) read_sink=117964800 expected=1179	0.000836	4501532	3778140	1988	122821	276958	1358495	37f7bdbafd5c3c20	482c0322ab8cd023	1e8d7d6482f259d2
Z1_multi512_8c_v3R	local	O3	scatter_multi	8 1000 512	DSTATE_BUSY_STALL=1 DSTATE_EXEC_LATENCY=42 DSTATE_HIT_LATENCY=4 DSTATE_HOTWORDS=32 DSTATE_INIT_INTERVAL=4 DSTATE_MERGE_LIMIT=64 DSTATE_QUEUE_DEPTH=16 DSTATE_QUEUE_STALL=1 DSTATE_RELAXED_AMO=1 DSTATE_REQ_COMBINE=16	true	per-cell oracle: CORRECT (512 cells)	0.003923	54860944	21418872	0	0	0	0	37f7bdbafd5c3c20	abcd0a84489b7ef0	1e8d7d6482f259d2
Z1_multi512_8c_v3R	persistent	O3	scatter_multi	8 1000 512	DSTATE_BUSY_STALL=1 DSTATE_EXEC_LATENCY=42 DSTATE_HIT_LATENCY=4 DSTATE_HOTWORDS=32 DSTATE_INIT_INTERVAL=4 DSTATE_MERGE_LIMIT=64 DSTATE_QUEUE_DEPTH=16 DSTATE_QUEUE_STALL=1 DSTATE_RELAXED_AMO=1 DSTATE_REQ_COMBINE=16	true	per-cell oracle: CORRECT (512 cells)	0.001204	8280588	8217812	0	104	1024848	3071152	37f7bdbafd5c3c20	abcd0a84489b7ef0	1e8d7d6482f259d2
Z1_multi512_8c_v3R	remote	O3	scatter_multi	8 1000 512	DSTATE_BUSY_STALL=1 DSTATE_EXEC_LATENCY=42 DSTATE_HIT_LATENCY=4 DSTATE_HOTWORDS=32 DSTATE_INIT_INTERVAL=4 DSTATE_MERGE_LIMIT=64 DSTATE_QUEUE_DEPTH=16 DSTATE_QUEUE_STALL=1 DSTATE_RELAXED_AMO=1 DSTATE_REQ_COMBINE=16	true	per-cell oracle: CORRECT (512 cells)	0.001205	8283197	8217821	0	104	1024848	3071152	37f7bdbafd5c3c20	abcd0a84489b7ef0	1e8d7d6482f259d2
Z2_hotkey800k_8c_v3R	local	O3	scatter_dstate	8 100000 1	DSTATE_BUSY_STALL=1 DSTATE_EXEC_LATENCY=42 DSTATE_HIT_LATENCY=4 DSTATE_HOTWORDS=32 DSTATE_INIT_INTERVAL=4 DSTATE_MERGE_LIMIT=64 DSTATE_QUEUE_DEPTH=16 DSTATE_QUEUE_STALL=1 DSTATE_RELAXED_AMO=1 DSTATE_REQ_COMBINE=16	true	checksum=800000 expected=800000 CORRECT	0.001066	393615	145247	0	0	0	0	37f7bdbafd5c3c20	e22b2f08b42c2b88	1e8d7d6482f259d2
Z2_hotkey800k_8c_v3R	persistent	O3	scatter_dstate	8 100000 1	DSTATE_BUSY_STALL=1 DSTATE_EXEC_LATENCY=42 DSTATE_HIT_LATENCY=4 DSTATE_HOTWORDS=32 DSTATE_INIT_INTERVAL=4 DSTATE_MERGE_LIMIT=64 DSTATE_QUEUE_DEPTH=16 DSTATE_QUEUE_STALL=1 DSTATE_RELAXED_AMO=1 DSTATE_REQ_COMBINE=16	true	checksum=800000 expected=800000 CORRECT	0.001055	1153049	1107929	0	1872	265781	279076	37f7bdbafd5c3c20	e22b2f08b42c2b88	1e8d7d6482f259d2
Z2_hotkey800k_8c_v3R	remote	O3	scatter_dstate	8 100000 1	DSTATE_BUSY_STALL=1 DSTATE_EXEC_LATENCY=42 DSTATE_HIT_LATENCY=4 DSTATE_HOTWORDS=32 DSTATE_INIT_INTERVAL=4 DSTATE_MERGE_LIMIT=64 DSTATE_QUEUE_DEPTH=16 DSTATE_QUEUE_STALL=1 DSTATE_RELAXED_AMO=1 DSTATE_REQ_COMBINE=16	true	checksum=800000 expected=800000 CORRECT	0.001055	1153049	1107929	0	1872	265781	279076	37f7bdbafd5c3c20	e22b2f08b42c2b88	1e8d7d6482f259d2
Z3_hotkey800k_8c_v3TH	local	O3	scatter_dstate	8 100000 1	DSTATE_BUSY_STALL=1 DSTATE_EXEC_LATENCY=42 DSTATE_HIT_LATENCY=4 DSTATE_HOTWORDS=32 DSTATE_INIT_INTERVAL=4 DSTATE_MERGE_LIMIT=64 DSTATE_QUEUE_DEPTH=16 DSTATE_QUEUE_STALL=1 DSTATE_REQ_COMBINE=16	true	checksum=800000 expected=800000 CORRECT	0.001282	475291	176643	0	0	0	0	37f7bdbafd5c3c20	e22b2f08b42c2b88	1e8d7d6482f259d2
Z3_hotkey800k_8c_v3TH	persistent	O3	scatter_dstate	8 100000 1	DSTATE_BUSY_STALL=1 DSTATE_EXEC_LATENCY=42 DSTATE_HIT_LATENCY=4 DSTATE_HOTWORDS=32 DSTATE_INIT_INTERVAL=4 DSTATE_MERGE_LIMIT=64 DSTATE_QUEUE_DEPTH=16 DSTATE_QUEUE_STALL=1 DSTATE_REQ_COMBINE=16	true	checksum=800000 expected=800000 CORRECT	0.001446	1663210	1618138	0	31	400011	399989	37f7bdbafd5c3c20	e22b2f08b42c2b88	1e8d7d6482f259d2
Z3_hotkey800k_8c_v3TH	remote	O3	scatter_dstate	8 100000 1	DSTATE_BUSY_STALL=1 DSTATE_EXEC_LATENCY=42 DSTATE_HIT_LATENCY=4 DSTATE_HOTWORDS=32 DSTATE_INIT_INTERVAL=4 DSTATE_MERGE_LIMIT=64 DSTATE_QUEUE_DEPTH=16 DSTATE_QUEUE_STALL=1 DSTATE_REQ_COMBINE=16	true	checksum=800000 expected=800000 CORRECT	0.001446	1663210	1618138	0	31	400011	399989	37f7bdbafd5c3c20	e22b2f08b42c2b88	1e8d7d6482f259d2
Z4_rw800k_8c_v3T	local	O3	scatter_rw	8 100000 32 8	DSTATE_BUSY_STALL=1 DSTATE_EXEC_LATENCY=20 DSTATE_INIT_INTERVAL=4 DSTATE_MERGE_LIMIT=64 DSTATE_QUEUE_DEPTH=16 DSTATE_QUEUE_STALL=1 DSTATE_REQ_COMBINE=16	true	per-cell oracle: CORRECT read_sink=39995067446	0.004421	1687577	643065	0	0	0	0	37f7bdbafd5c3c20	29cf92fe3819a24f	1e8d7d6482f259d2
Z4_rw800k_8c_v3T	persistent	O3	scatter_rw	8 100000 32 8	DSTATE_BUSY_STALL=1 DSTATE_EXEC_LATENCY=20 DSTATE_INIT_INTERVAL=4 DSTATE_MERGE_LIMIT=64 DSTATE_QUEUE_DEPTH=16 DSTATE_QUEUE_STALL=1 DSTATE_REQ_COMBINE=16	true	per-cell oracle: CORRECT read_sink=39995707920	0.006190	2656267	1113675	11204	266426	30433	17276	37f7bdbafd5c3c20	29cf92fe3819a24f	1e8d7d6482f259d2
Z4_rw800k_8c_v3T	remote	O3	scatter_rw	8 100000 32 8	DSTATE_BUSY_STALL=1 DSTATE_EXEC_LATENCY=20 DSTATE_INIT_INTERVAL=4 DSTATE_MERGE_LIMIT=64 DSTATE_QUEUE_DEPTH=16 DSTATE_QUEUE_STALL=1 DSTATE_REQ_COMBINE=16	true	per-cell oracle: CORRECT read_sink=39995712420	0.006035	2609860	1107228	10760	262376	29188	18092	37f7bdbafd5c3c20	29cf92fe3819a24f	1e8d7d6482f259d2
Z5_rw800k_8c_v3R	local	O3	scatter_rw	8 100000 32 8	DSTATE_BUSY_STALL=1 DSTATE_EXEC_LATENCY=42 DSTATE_HIT_LATENCY=4 DSTATE_HOTWORDS=32 DSTATE_INIT_INTERVAL=4 DSTATE_MERGE_LIMIT=64 DSTATE_QUEUE_DEPTH=16 DSTATE_QUEUE_STALL=1 DSTATE_RELAXED_AMO=1 DSTATE_REQ_COMBINE=16	true	per-cell oracle: CORRECT read_sink=39994993315	0.003974	1452948	548884	0	0	0	0	37f7bdbafd5c3c20	29cf92fe3819a24f	1e8d7d6482f259d2
Z5_rw800k_8c_v3R	persistent	O3	scatter_rw	8 100000 32 8	DSTATE_BUSY_STALL=1 DSTATE_EXEC_LATENCY=42 DSTATE_HIT_LATENCY=4 DSTATE_HOTWORDS=32 DSTATE_INIT_INTERVAL=4 DSTATE_MERGE_LIMIT=64 DSTATE_QUEUE_DEPTH=16 DSTATE_QUEUE_STALL=1 DSTATE_RELAXED_AMO=1 DSTATE_REQ_COMBINE=16	true	per-cell oracle: CORRECT read_sink=39996901269	0.010514	3242716	1599804	10634	755972	210540	107299	37f7bdbafd5c3c20	29cf92fe3819a24f	1e8d7d6482f259d2
Z5_rw800k_8c_v3R	remote	O3	scatter_rw	8 100000 32 8	DSTATE_BUSY_STALL=1 DSTATE_EXEC_LATENCY=42 DSTATE_HIT_LATENCY=4 DSTATE_HOTWORDS=32 DSTATE_INIT_INTERVAL=4 DSTATE_MERGE_LIMIT=64 DSTATE_QUEUE_DEPTH=16 DSTATE_QUEUE_STALL=1 DSTATE_RELAXED_AMO=1 DSTATE_REQ_COMBINE=16	true	per-cell oracle: CORRECT read_sink=39996876227	0.010378	3159544	1637328	4188	738211	216577	96607	37f7bdbafd5c3c20	29cf92fe3819a24f	1e8d7d6482f259d2
Z6_multi512_16c_v3T	local	O3	scatter_multi	16 500 512	DSTATE_BUFFER_SIZE=256 DSTATE_BUSY_STALL=1 DSTATE_EXEC_LATENCY=20 DSTATE_INIT_INTERVAL=4 DSTATE_MERGE_LIMIT=64 DSTATE_QUEUE_DEPTH=16 DSTATE_QUEUE_STALL=1 DSTATE_REQ_COMBINE=16	true	per-cell oracle: CORRECT (512 cells)	0.007050	55664341	20769189	0	0	0	0	37f7bdbafd5c3c20	abcd0a84489b7ef0	1e8d7d6482f259d2
Z6_multi512_16c_v3T	persistent	O3	scatter_multi	16 500 512	DSTATE_BUFFER_SIZE=256 DSTATE_BUSY_STALL=1 DSTATE_EXEC_LATENCY=20 DSTATE_INIT_INTERVAL=4 DSTATE_MERGE_LIMIT=64 DSTATE_QUEUE_DEPTH=16 DSTATE_QUEUE_STALL=1 DSTATE_REQ_COMBINE=16	true	per-cell oracle: CORRECT (512 cells)	0.005585	8299172	8223876	0	1	1539679	2556314	37f7bdbafd5c3c20	abcd0a84489b7ef0	1e8d7d6482f259d2
Z6_multi512_16c_v3T	remote	O3	scatter_multi	16 500 512	DSTATE_BUFFER_SIZE=256 DSTATE_BUSY_STALL=1 DSTATE_EXEC_LATENCY=20 DSTATE_INIT_INTERVAL=4 DSTATE_MERGE_LIMIT=64 DSTATE_QUEUE_DEPTH=16 DSTATE_QUEUE_STALL=1 DSTATE_REQ_COMBINE=16	true	per-cell oracle: CORRECT (512 cells)	0.005585	8301756	8223876	0	1	1539679	2556314	37f7bdbafd5c3c20	abcd0a84489b7ef0	1e8d7d6482f259d2
Z7_multi512_16c_v3R	local	O3	scatter_multi	16 500 512	DSTATE_BUFFER_SIZE=256 DSTATE_BUSY_STALL=1 DSTATE_EXEC_LATENCY=42 DSTATE_HIT_LATENCY=4 DSTATE_HOTWORDS=32 DSTATE_INIT_INTERVAL=4 DSTATE_MERGE_LIMIT=64 DSTATE_QUEUE_DEPTH=16 DSTATE_QUEUE_STALL=1 DSTATE_RELAXED_AMO=1 DSTATE_REQ_COMBINE=16	true	per-cell oracle: CORRECT (512 cells)	0.001932	53364383	20513559	0	0	0	0	37f7bdbafd5c3c20	abcd0a84489b7ef0	1e8d7d6482f259d2
Z7_multi512_16c_v3R	persistent	O3	scatter_multi	16 500 512	DSTATE_BUFFER_SIZE=256 DSTATE_BUSY_STALL=1 DSTATE_EXEC_LATENCY=42 DSTATE_HIT_LATENCY=4 DSTATE_HOTWORDS=32 DSTATE_INIT_INTERVAL=4 DSTATE_MERGE_LIMIT=64 DSTATE_QUEUE_DEPTH=16 DSTATE_QUEUE_STALL=1 DSTATE_RELAXED_AMO=1 DSTATE_REQ_COMBINE=16	true	per-cell oracle: CORRECT (512 cells)	0.000853	8298970	8223826	0	182	514466	3581534	37f7bdbafd5c3c20	abcd0a84489b7ef0	1e8d7d6482f259d2
Z7_multi512_16c_v3R	remote	O3	scatter_multi	16 500 512	DSTATE_BUFFER_SIZE=256 DSTATE_BUSY_STALL=1 DSTATE_EXEC_LATENCY=42 DSTATE_HIT_LATENCY=4 DSTATE_HOTWORDS=32 DSTATE_INIT_INTERVAL=4 DSTATE_MERGE_LIMIT=64 DSTATE_QUEUE_DEPTH=16 DSTATE_QUEUE_STALL=1 DSTATE_RELAXED_AMO=1 DSTATE_REQ_COMBINE=16	true	per-cell oracle: CORRECT (512 cells)	0.000854	8301587	8223835	0	182	514466	3581534	37f7bdbafd5c3c20	abcd0a84489b7ef0	1e8d7d6482f259d2
Z8_hotkey800k_16c_v3R	local	O3	scatter_dstate	16 50000 1	DSTATE_BUFFER_SIZE=256 DSTATE_BUSY_STALL=1 DSTATE_EXEC_LATENCY=42 DSTATE_HIT_LATENCY=4 DSTATE_HOTWORDS=32 DSTATE_INIT_INTERVAL=4 DSTATE_MERGE_LIMIT=64 DSTATE_QUEUE_DEPTH=16 DSTATE_QUEUE_STALL=1 DSTATE_RELAXED_AMO=1 DSTATE_REQ_COMBINE=16	true	checksum=800000 expected=800000 CORRECT	0.000995	386658	141426	0	0	0	0	37f7bdbafd5c3c20	e22b2f08b42c2b88	1e8d7d6482f259d2
Z8_hotkey800k_16c_v3R	persistent	O3	scatter_dstate	16 50000 1	DSTATE_BUFFER_SIZE=256 DSTATE_BUSY_STALL=1 DSTATE_EXEC_LATENCY=42 DSTATE_HIT_LATENCY=4 DSTATE_HOTWORDS=32 DSTATE_INIT_INTERVAL=4 DSTATE_MERGE_LIMIT=64 DSTATE_QUEUE_DEPTH=16 DSTATE_QUEUE_STALL=1 DSTATE_RELAXED_AMO=1 DSTATE_REQ_COMBINE=16	true	checksum=800000 expected=800000 CORRECT	0.000616	1065476	1006532	0	259203	99597	391170	37f7bdbafd5c3c20	e22b2f08b42c2b88	1e8d7d6482f259d2
Z8_hotkey800k_16c_v3R	remote	O3	scatter_dstate	16 50000 1	DSTATE_BUFFER_SIZE=256 DSTATE_BUSY_STALL=1 DSTATE_EXEC_LATENCY=42 DSTATE_HIT_LATENCY=4 DSTATE_HOTWORDS=32 DSTATE_INIT_INTERVAL=4 DSTATE_MERGE_LIMIT=64 DSTATE_QUEUE_DEPTH=16 DSTATE_QUEUE_STALL=1 DSTATE_RELAXED_AMO=1 DSTATE_REQ_COMBINE=16	true	checksum=800000 expected=800000 CORRECT	0.000616	1065476	1006532	0	259203	99597	391170	37f7bdbafd5c3c20	e22b2f08b42c2b88	1e8d7d6482f259d2
Z9_rw800k_16c_v3R	local	O3	scatter_rw	16 50000 32 8	DSTATE_BUFFER_SIZE=256 DSTATE_BUSY_STALL=1 DSTATE_EXEC_LATENCY=42 DSTATE_HIT_LATENCY=4 DSTATE_HOTWORDS=32 DSTATE_INIT_INTERVAL=4 DSTATE_MERGE_LIMIT=64 DSTATE_QUEUE_DEPTH=16 DSTATE_QUEUE_STALL=1 DSTATE_RELAXED_AMO=1 DSTATE_REQ_COMBINE=16	true	per-cell oracle: CORRECT read_sink=39989616793	0.004031	1487351	560375	0	0	0	0	37f7bdbafd5c3c20	29cf92fe3819a24f	1e8d7d6482f259d2
Z9_rw800k_16c_v3R	persistent	O3	scatter_rw	16 50000 32 8	DSTATE_BUFFER_SIZE=256 DSTATE_BUSY_STALL=1 DSTATE_EXEC_LATENCY=42 DSTATE_HIT_LATENCY=4 DSTATE_HOTWORDS=32 DSTATE_INIT_INTERVAL=4 DSTATE_MERGE_LIMIT=64 DSTATE_QUEUE_DEPTH=16 DSTATE_QUEUE_STALL=1 DSTATE_RELAXED_AMO=1 DSTATE_REQ_COMBINE=16	true	per-cell oracle: CORRECT read_sink=39993474210	0.008488	3008050	1344338	3608	515070	110385	60250	37f7bdbafd5c3c20	29cf92fe3819a24f	1e8d7d6482f259d2
Z9_rw800k_16c_v3R	remote	O3	scatter_rw	16 50000 32 8	DSTATE_BUFFER_SIZE=256 DSTATE_BUSY_STALL=1 DSTATE_EXEC_LATENCY=42 DSTATE_HIT_LATENCY=4 DSTATE_HOTWORDS=32 DSTATE_INIT_INTERVAL=4 DSTATE_MERGE_LIMIT=64 DSTATE_QUEUE_DEPTH=16 DSTATE_QUEUE_STALL=1 DSTATE_RELAXED_AMO=1 DSTATE_REQ_COMBINE=16	true	per-cell oracle: CORRECT read_sink=39993491926	0.008405	3076979	1455035	1559	515323	118641	65895	37f7bdbafd5c3c20	29cf92fe3819a24f	1e8d7d6482f259d2
